chr17:48251038-48251269,NM_000023$SGCA$chr17$48243365$+%NM_001135697$SGCA$chr17$48243365$+,0.47
chr17:48251038-48251269,NM_000088$COL1A1$chr17$48279000$-,0.47
chr9:132539303-132540203,NM_000113$TOR1A$chr9$132586441$-,0.56
chr6:36547678-36548077,NM_000389$CDKN1A$chr6$36646455$+,0.31
chr19:1266359-1266798,NM_000455$STK11$chr19$1205797$+,0.34
chr17:7381310-7382154,NM_000747$CHRNB1$chr17$7348405$+,0.36
chr17:7381310-7382154,NM_000937$POLR2A$chr17$7387697$+,0.62
chr22:50743986-50744741,NM_001001794$DENND6B$chr22$50765489$-,0.34
chr2:30631915-30632243,NM_001002257$LCLAT1$chr2$30670136$+,0.31
chr17:42634020-42634172,NM_001002909$GPATCH8$chr17$42580957$-,0.33
chr15:68589122-68589626,NM_001004439$ITGA11$chr15$68724492$-,0.38
chr15:68817140-68817423,NM_001004439$ITGA11$chr15$68724492$-,0.35
chr15:68818732-68818982,NM_001004439$ITGA11$chr15$68724492$-,0.39
chr2:55450545-55450658,NM_001005369$MTIF2$chr2$55496315$-,0.57
chrX:102880714-102880758,NM_001006640$TCEAL1$chrX$102883647$+,0.68
chr1:26827232-26827869,NM_001006665$RPS6KA1$chr1$26872342$+,0.79
chr12:104675995-104676292,NM_001008394$EID3$chr12$104697509$+,0.44
chr19:4456385-4456784,NM_001013706$PLIN5$chr19$4535208$-,0.3
chr17:38601076-38601487,NM_001024809$RARA$chr17$38498270$+,0.42
chr18:74821198-74821567,NM_001025100$MBP$chr18$74844774$-%NM_001025101$MBP$chr18$74844774$-,0.49
chr19:10515339-10515636,NM_001031734$FDX1L$chr19$10426691$-,0.54
chr7:4681329-4681565,NM_001037165$FOXK1$chr7$4721929$+,0.63
chr2:100104968-100105518,NM_001037872$REV1$chr2$100106480$-%NM_016316$REV1$chr2$100106480$-,0.47
chr17:79360408-79361324,NM_001037984$SLC38A10$chr17$79269139$-%NM_138570$SLC38A10$chr17$79269139$-,0.32
chr17:38601076-38601487,NM_001067$TOP2A$chr17$38574202$-,0.42
chr17:38708057-38709216,NM_001067$TOP2A$chr17$38574202$-,0.3
chr17:42276572-42276897,NM_001076683$UBTF$chr17$42298250$-,0.47
chr16:68271348-68271876,NM_001076785$SLC7A6$chr16$68298418$+%NM_003983$SLC7A6$chr16$68298418$+,0.48
chr11:65244638-65245303,NM_001077241$SLC25A45$chr11$65150145$-%NM_182556$SLC25A45$chr11$65150145$-,0.42
chr10:88470805-88471213,NM_001080116$LDB3$chr10$88428320$+,0.36
chr16:30645556-30645885,NM_001080417$ZNF629$chr16$30798523$-,0.37
chr1:1840449-1840835,NM_001080484$CFAP74$chr1$1935276$-,0.36
chr2:85147093-85147556,NM_001080824$TRABD2A$chr2$85108369$-%NM_001277053$TRABD2A$chr2$85108369$-,0.43
chr11:62211626-62212261,NM_001083926$ASRGL1$chr11$62104773$+%NM_025080$ASRGL1$chr11$62104773$+,0.44
chr17:79360408-79361324,NM_001086521$C17orf89$chr17$79213110$+,0.4
chr22:41809427-41810696,NM_001098$ACO2$chr22$41865128$+,0.55
chr17:1974774-1975359,NM_001098202$HIC1$chr17$1959603$+,0.45
chr19:52192085-52192767,NM_001098612$SIGLEC14$chr19$52150132$-,0.52
chr2:232530920-232531416,NM_001099285$PTMA$chr2$232573234$+%NM_002823$PTMA$chr2$232573234$+,0.67
chr11:65187297-65188198,NM_001099409$EHBP1L1$chr11$65343508$+,0.37
chr11:65244638-65245303,NM_001099409$EHBP1L1$chr11$65343508$+,0.45
chr19:18761338-18761719,NM_001100419$C19orf60$chr19$18699494$+%NM_001100418$C19orf60$chr19$18699494$+,0.49
chr7:75947305-75947626,NM_001102596$DTX2$chr7$76109826$+,0.33
chr17:7381310-7382154,NM_001102614$SLC35G6$chr17$7384720$+,0.46
chr19:10515339-10515636,NM_001103167$ZGLP1$chr19$10420233$-,0.3
chr16:30645556-30645885,NM_001105079$FBRS$chr16$30675777$+,0.44
chr15:70391851-70392235,NM_001105192$TLE3$chr15$70390256$-%NM_005078$TLE3$chr15$70390256$-%NM_020908$TLE3$chr15$70390256$-%NM_001282980$TLE3$chr15$70390256$-%NM_001282979$TLE3$chr15$70390256$-,0.46
chr9:132539303-132540203,NM_001110303$USP20$chr9$132597695$+%NM_006676$USP20$chr9$132597695$+%NM_001008563$USP20$chr9$132597695$+,0.43
chr19:10515339-10515636,NM_001111307$PDE4A$chr19$10531332$+,0.6
chr19:10515339-10515636,NM_001111308$PDE4A$chr19$10541520$+,0.42
chr19:10515339-10515636,NM_001111309$PDE4A$chr19$10543110$+,0.58
chr19:47746329-47746738,NM_001127241$BBC3$chr19$47736023$-%NM_001127240$BBC3$chr19$47736023$-%NM_001127242$BBC3$chr19$47736023$-,0.34
chr17:43305165-43306978,NM_001128631$DCAKD$chr17$43129029$-,0.41
chr17:7381310-7382154,NM_001128833$ZBTB4$chr17$7382944$-,0.36
chr19:52192085-52192767,NM_001135590$ZNF577$chr19$52391189$-,0.3
chr2:55450545-55450658,NM_001135592$RPS27A$chr2$55459038$+,0.46
chr2:55450545-55450658,NM_001135598$CLHC1$chr2$55459699$-,0.47
chr11:65666492-65667203,NM_001135635$C11orf68$chr11$65686531$-%NM_031450$C11orf68$chr11$65686531$-,0.45
chr17:43305165-43306978,NM_001135704$ACBD4$chr17$43209966$+,0.51
chr9:134248752-134249121,NM_001135954$UCK1$chr9$134406662$-%NM_001261451$UCK1$chr9$134406662$-%NM_001261450$UCK1$chr9$134406662$-%NM_031432$UCK1$chr9$134406662$-,0.31
chr10:90711253-90711764,NM_001141945$ACTA2$chr10$90751147$-,0.54
chr11:118489703-118490017,NM_001142281$ARCN1$chr11$118443101$+%NM_001655$ARCN1$chr11$118443101$+,0.52
chrX:102880714-102880758,NM_001142421$MORF4L2$chrX$102943086$-%NM_001142419$MORF4L2$chrX$102943086$-%NM_001142422$MORF4L2$chrX$102943086$-%NM_001142420$MORF4L2$chrX$102943086$-%NM_001142432$MORF4L2$chrX$102943086$-%NM_001142431$MORF4L2$chrX$102943086$-%NM_001142428$MORF4L2$chrX$102943086$-%NM_001142427$MORF4L2$chrX$102943086$-,0.39
chr1:23888678-23889201,NM_001143778$ASAP3$chr1$23810750$-%NM_017707$ASAP3$chr1$23810750$-,0.39
chr11:65666492-65667203,NM_001143985$BANF1$chr11$65769549$+%NM_003860$BANF1$chr11$65769549$+,0.37
chr11:118489703-118490017,NM_001144758$PHLDB1$chr11$118478305$+%NM_001144759$PHLDB1$chr11$118478305$+,0.44
chr22:41809427-41810696,NM_001145398$TEF$chr22$41763336$+,0.5
chr19:8488784-8489136,NM_001146175$ZNF414$chr19$8579048$-%NM_032370$ZNF414$chr19$8579048$-,0.41
chr5:125690030-125690185,NM_001146319$GRAMD3$chr5$125695787$+,0.47
chr5:125730040-125730374,NM_001146321$GRAMD3$chr5$125758868$+%NM_023927$GRAMD3$chr5$125758868$+%NM_001146320$GRAMD3$chr5$125758868$+,0.41
chr5:125690030-125690185,NM_001146322$GRAMD3$chr5$125800786$+,0.41
chr5:125730040-125730374,NM_001146322$GRAMD3$chr5$125800786$+,0.39
chr11:65187297-65188198,NM_001164266$LTBP3$chr11$65325699$-%NM_021070$LTBP3$chr11$65325699$-%NM_001130144$LTBP3$chr11$65325699$-,0.31
chr11:65244638-65245303,NM_001164266$LTBP3$chr11$65325699$-%NM_021070$LTBP3$chr11$65325699$-%NM_001130144$LTBP3$chr11$65325699$-,0.69
chr2:242549642-242550327,NM_001164356$THAP4$chr2$242556916$-,0.52
chr11:47573563-47574025,NM_001164379$FAM180B$chr11$47608229$+,0.35
chr19:8488784-8489136,NM_001165895$CD320$chr19$8373240$-%NM_016579$CD320$chr19$8373240$-,0.32
chr19:10515339-10515636,NM_001166215$S1PR5$chr19$10628668$-,0.31
chr19:4456385-4456784,NM_001171091$UBXN6$chr19$4455295$-,0.49
chr10:88470805-88471213,NM_001171610$LDB3$chr10$88428205$+,0.39
chr16:30645556-30645885,NM_001172432$PHKG2$chr16$30759619$+%NM_000294$PHKG2$chr16$30759619$+,0.35
chr11:47573563-47574025,NM_001172639$CELF1$chr11$47545540$-,0.36
chr16:30645556-30645885,NM_001172679$ZNF764$chr16$30569642$-%NM_033410$ZNF764$chr16$30569642$-,0.36
chr2:55450545-55450658,NM_001177413$RPS27A$chr2$55459813$+,0.31
chr7:40756959-40757193,NM_001193312$SUGCT$chr7$40174574$+%NM_001193313$SUGCT$chr7$40174574$+%NM_001193311$SUGCT$chr7$40174574$+%NM_024728$SUGCT$chr7$40174574$+,0.36
chr16:30645556-30645885,NM_001195620$C16orf93$chr16$30773565$-%NM_001014979$C16orf93$chr16$30773565$-,0.43
chr1:2574343-2574764,NM_001195741$FAM213B$chr1$2518188$+%NM_152371$FAM213B$chr1$2518188$+%NM_001195738$FAM213B$chr1$2518188$+%NM_001195737$FAM213B$chr1$2518188$+%NM_001195736$FAM213B$chr1$2518188$+%NM_001195740$FAM213B$chr1$2518188$+,0.46
chr19:4456385-4456784,NM_001199943$SH3GL1$chr19$4400565$-%NM_003025$SH3GL1$chr19$4400565$-,0.44
chr19:4456385-4456784,NM_001199944$SH3GL1$chr19$4400415$-,0.4
chr17:7381310-7382154,NM_001201576$PLSCR3$chr17$7298162$-%NM_020360$PLSCR3$chr17$7298162$-,0.35
chr5:125690030-125690185,NM_001202404$ALDH7A1$chr5$125931082$-%NM_001201377$ALDH7A1$chr5$125931082$-%NM_001182$ALDH7A1$chr5$125931082$-,0.36
chr19:14732511-14733275,NM_001204118$CLEC17A$chr19$14693895$+%NM_207390$CLEC17A$chr19$14693895$+,0.5
chr9:73033763-73035382,NM_001206$KLF9$chr9$73029573$-,0.45
chr9:73035561-73035945,NM_001206$KLF9$chr9$73029573$-,0.31
chr16:30645556-30645885,NM_001207034$RNF40$chr16$30772932$+%NM_014771$RNF40$chr16$30772932$+%NM_001207033$RNF40$chr16$30772932$+,0.3
chr6:36547678-36548077,NM_001220777$CDKN1A$chr6$36644236$+,0.35
chrX:52964244-52964539,NM_001242491$FAM156A$chrX$52926321$+,0.34
chrX:52964244-52964539,NM_001242496$FAM156A$chrX$53024651$-%NM_014138$FAM156A$chrX$53024651$-%NM_001242492$FAM156A$chrX$53024651$-%NM_001242490$FAM156A$chrX$53024651$-%NM_001242489$FAM156A$chrX$53024651$-%NM_001242495$FAM156A$chrX$53024651$-%NM_001242494$FAM156A$chrX$53024651$-%NM_001242493$FAM156A$chrX$53024651$-%NM_001242497$FAM156A$chrX$53024651$-,0.55
chr22:50743986-50744741,NM_001242898$PPP6R2$chr22$50781745$+%NM_001242899$PPP6R2$chr22$50781745$+%NM_014678$PPP6R2$chr22$50781745$+%NM_001242900$PPP6R2$chr22$50781745$+,0.42
chr22:50747003-50747284,NM_001242898$PPP6R2$chr22$50781745$+%NM_001242899$PPP6R2$chr22$50781745$+%NM_014678$PPP6R2$chr22$50781745$+%NM_001242900$PPP6R2$chr22$50781745$+,0.47
chr11:65244638-65245303,NM_001243984$RELA$chr11$65430443$-%NM_021975$RELA$chr11$65430443$-%NM_001145138$RELA$chr11$65430443$-%NM_001243985$RELA$chr11$65430443$-,0.42
chr2:69533320-69533461,NM_001244710$GFPT1$chr2$69614386$-%NM_002056$GFPT1$chr2$69614386$-,0.41
chr17:1974774-1975359,NM_001256827$SMG6$chr17$2169493$-,0.37
chr17:1974774-1975359,NM_001256828$SMG6$chr17$2140141$-,0.42
chr16:30645556-30645885,NM_001256932$LOC730183$chr16$30709810$-,0.35
chr22:50743986-50744741,NM_001257989$TYMP$chr22$50968514$-%NM_001257988$TYMP$chr22$50968514$-%NM_001953$TYMP$chr22$50968514$-%NM_001113756$TYMP$chr22$50968514$-%NM_001113755$TYMP$chr22$50968514$-,0.32
chr12:49628278-49628526,NM_001270399$TUBA1A$chr12$49583107$-%NM_001270400$TUBA1A$chr12$49583107$-%NM_006009$TUBA1A$chr12$49583107$-,0.39
chr2:208027980-208028625,NM_001270944$KLF7$chr2$207998861$-,0.55
chr19:47746329-47746738,NM_001271749$C5AR2$chr19$47835403$+,0.33
chr17:79360408-79361324,NM_001272086$LOC100130370$chr17$79359160$-,0.59
chr11:65187297-65188198,NM_001278250$SLC25A45$chr11$65149857$-%NM_001300820$SLC25A45$chr11$65149857$-,0.5
chr11:65244638-65245303,NM_001278250$SLC25A45$chr11$65149857$-%NM_001300820$SLC25A45$chr11$65149857$-,0.59
chr11:65187297-65188198,NM_001278251$SLC25A45$chr11$65151172$-,0.33
chr11:65244638-65245303,NM_001278251$SLC25A45$chr11$65151172$-,0.52
chr21:41005118-41005297,NM_001278650$B3GALT5$chr21$40984866$+,0.33
chr20:48921857-48922230,NM_001278655$LINC01272$chr20$48884022$+,0.32
chr19:1266359-1266798,NM_001280$CIRBP$chr19$1269266$+,0.4
chr1:32180603-32180986,NM_001281988$SPOCD1$chr1$32281652$-%NM_144569$SPOCD1$chr1$32281652$-%NM_001281987$SPOCD1$chr1$32281652$-,0.37
chr2:242549642-242550327,NM_001282305$STK25$chr2$242448987$-,0.35
chr17:1974774-1975359,NM_001282326$SMG6$chr17$1992055$-,0.41
chr19:8674150-8674979,NM_001282352$ADAMTS10$chr19$8657080$-,0.38
chr22:41809427-41810696,NM_001282884$POLR3H$chr22$41940610$-,0.62
chr15:70391851-70392235,NM_001282981$TLE3$chr15$70389091$-,0.6
chr15:70391851-70392235,NM_001282982$TLE3$chr15$70387124$-,0.33
chr16:30645556-30645885,NM_001286572$RNF40$chr16$30773609$+,0.37
chr21:30374865-30375265,NM_001286617$MAP3K7CL$chr21$30449791$+%NM_001286634$MAP3K7CL$chr21$30449791$+%NM_001286618$MAP3K7CL$chr21$30449791$+%NM_020152$MAP3K7CL$chr21$30449791$+%NM_001286622$MAP3K7CL$chr21$30449791$+%NM_001286623$MAP3K7CL$chr21$30449791$+,0.36
chr21:30374865-30375265,NM_001286619$MAP3K7CL$chr21$30464574$+,0.52
chr21:30374865-30375265,NM_001286620$MAP3K7CL$chr21$30502805$+,0.35
chr9:132460473-132461091,NM_001286797$NTMT1$chr9$132382491$+,0.37
chr17:43305165-43306978,NM_001288655$DCAKD$chr17$43128885$-,0.42
chr22:41809427-41810696,NM_001288976$XRCC6$chr22$42017345$+,0.34
chr17:79360408-79361324,NM_001291324$BAHCC1$chr17$79373520$+,0.38
chr6:36547678-36548077,NM_001291549$CDKN1A$chr6$36644313$+,0.35
chr19:8488784-8489136,NM_001297418$HNRNPM$chr19$8509711$+,0.47
chr1:2574343-2574764,NM_001297605$TNFRSF14$chr1$2487803$+%NM_003820$TNFRSF14$chr1$2487803$+,0.41
chr19:1266359-1266798,NM_001300815$CIRBP$chr19$1269264$+%NM_001300829$CIRBP$chr19$1269264$+,0.36
chr11:65666492-65667203,NM_001300855$FOSL1$chr11$65667997$-%NM_001300856$FOSL1$chr11$65667997$-%NM_001300857$FOSL1$chr11$65667997$-%NM_005438$FOSL1$chr11$65667997$-%NM_001300844$FOSL1$chr11$65667997$-,0.53
chrX:102880714-102880758,NM_001300901$TCEAL4$chrX$102831158$+,0.33
chr19:14732511-14733275,NM_001300912$ZNF333$chr19$14800851$+,0.39
chr19:14732511-14733275,NM_001300914$DNAJB1$chr19$14628674$-,0.39
chr17:38708057-38709216,NM_001301716$CCR7$chr17$38717265$-%NM_001301717$CCR7$chr17$38717265$-,0.64
chr17:38708057-38709216,NM_001301718$CCR7$chr17$38716646$-,0.61
chr15:39575623-39576160,NM_001302797$C15orf54$chr15$39542869$+%NM_207445$C15orf54$chr15$39542869$+,0.51
chr11:65666492-65667203,NM_001335$CTSW$chr11$65647283$+,0.58
chr17:1974774-1975359,NM_001383$DPH1$chr17$1933430$+,0.5
chr19:1266359-1266798,NM_001405$EFNA2$chr19$1286152$+,0.61
chr19:52192085-52192767,NM_001462$FPR2$chr19$52266641$+,0.42
chr17:42634020-42634172,NM_001466$FZD2$chr17$42634811$+,0.46
chr22:41809427-41810696,NM_001469$XRCC6$chr22$42017166$+%NM_001288978$XRCC6$chr22$42017166$+%NM_001288977$XRCC6$chr22$42017166$+,0.33
chr19:52192085-52192767,NM_001523$HAS1$chr19$52227245$-%NM_001297436$HAS1$chr19$52227245$-,0.32
chr1:32180603-32180986,NM_001525$HCRTR1$chr1$32083300$+,0.43
chr7:75947305-75947626,NM_001540$HSPB1$chr7$75931874$+,0.38
chr17:38708057-38709216,NM_001552$IGFBP4$chr17$38599675$+,0.32
chr10:90711253-90711764,NM_001613$ACTA2$chr10$90712580$-,0.31
chr14:50334846-50335244,NM_001663$ARF6$chr14$50359735$+,0.49
chr19:1266359-1266798,NM_001687$ATP5D$chr19$1241748$+%NM_001001975$ATP5D$chr19$1241748$+,0.56
chr7:134475089-134475514,NM_001724$BPGM$chr7$134331530$+%NM_199186$BPGM$chr7$134331530$+%NM_001293085$BPGM$chr7$134331530$+,0.39
chr16:65153548-65154160,NM_001797$CDH11$chr16$65155919$-,0.31
chr19:10515339-10515636,NM_001800$CDKN2D$chr19$10679631$-,0.33
chr17:38708057-38709216,NM_001838$CCR7$chr17$38721736$-%NM_001301714$CCR7$chr17$38721736$-,0.48
chr17:48282931-48283079,NM_001934$DLX4$chr17$48050129$+,0.31
chr1:1840449-1840835,NM_002074$GNB1$chr1$1822556$-%NM_001282538$GNB1$chr1$1822556$-%NM_001282539$GNB1$chr1$1822556$-,0.42
chr19:10515339-10515636,NM_002162$ICAM3$chr19$10450345$-,0.41
chr2:8816590-8817048,NM_002166$ID2$chr2$8822112$+,0.44
chr2:66673073-66673647,NM_002398$MEIS1$chr2$66662531$+,0.3
chr22:37942978-37943343,NM_002405$MFNG$chr22$37882478$-,0.3
chr11:65244638-65245303,NM_002419$MAP3K11$chr11$65381720$-,0.37
chr2:55450545-55450658,NM_002453$MTIF2$chr2$55496384$-,0.56
chr22:36750973-36751374,NM_002473$MYH9$chr22$36784112$-,0.38
chr1:115873164-115873576,NM_002506$NGF$chr1$115880857$-,0.57
chr22:41809427-41810696,NM_002676$PMM1$chr22$41985871$-,0.36
chr11:65187297-65188198,NM_002689$POLA2$chr11$65029431$+,0.74
chr19:14732511-14733275,NM_002741$PKN1$chr19$14544165$+,0.31
chr22:50743986-50744741,NM_002751$MAPK11$chr22$50708822$-,0.68
chr22:50747003-50747284,NM_002751$MAPK11$chr22$50708822$-,0.65
chr6:128847994-128848227,NM_002844$PTPRK$chr6$128841819$-%NM_001291984$PTPRK$chr6$128841819$-%NM_001135648$PTPRK$chr6$128841819$-%NM_001291981$PTPRK$chr6$128841819$-%NM_001291982$PTPRK$chr6$128841819$-%NM_001291983$PTPRK$chr6$128841819$-,0.6
chr1:26827232-26827869,NM_002953$RPS6KA1$chr1$26856248$+,0.62
chr22:50743986-50744741,NM_002969$MAPK12$chr22$50700089$-,0.53
chr22:50747003-50747284,NM_002969$MAPK12$chr22$50700089$-,0.56
chr22:50743986-50744741,NM_002972$SBF1$chr22$50913464$-,0.4
chr6:36547678-36548077,NM_003017$SRSF3$chr6$36562089$+,0.37
chr15:39593792-39594300,NM_003134$SRP14$chr15$40331389$-,0.3
chr22:41809427-41810696,NM_003216$TEF$chr22$41777932$+,0.36
chr11:65187297-65188198,NM_003273$TM7SF2$chr11$64879325$+%NM_001277233$TM7SF2$chr11$64879325$+,0.33
chr19:10515339-10515636,NM_003331$TYK2$chr19$10491248$-,0.49
chr11:62211626-62212261,NM_003357$SCGB1A1$chr11$62186506$+,0.3
chr11:9786985-9787566,NM_003390$WEE1$chr11$9595227$+,0.32
chr19:39863077-39863463,NM_003407$ZFP36$chr19$39897486$+,0.43
chr6:25992254-25993073,NM_003513$HIST1H2AB$chr6$26033796$-,0.61
chr6:25992254-25993073,NM_003522$HIST1H2BF$chr6$26199786$+,0.42
chr6:25992254-25993073,NM_003523$HIST1H2BE$chr6$26184023$+,0.35
chr6:25992254-25993073,NM_003526$HIST1H2BC$chr6$26124132$-,0.37
chr6:25992254-25993073,NM_003529$HIST1H3A$chr6$26020717$+,0.55
chr6:25992254-25993073,NM_003530$HIST1H3D$chr6$26199521$-%NM_021065$HIST1H2AD$chr6$26199521$-,0.4
chr6:25992254-25993073,NM_003531$HIST1H3C$chr6$26045638$+,0.48
chr6:25992254-25993073,NM_003537$HIST1H3B$chr6$26032288$-,0.55
chr6:25992254-25993073,NM_003538$HIST1H4A$chr6$26021906$+,0.56
chr6:25992254-25993073,NM_003539$HIST1H4D$chr6$26189304$-,0.31
chr6:25992254-25993073,NM_003542$HIST1H4C$chr6$26104175$+,0.36
chr6:25992254-25993073,NM_003544$HIST1H4B$chr6$26027480$-,0.6
chr2:208198821-208199856,NM_003709$KLF7$chr2$208030740$-,0.3
chr5:172370220-172370579,NM_003945$ATP6V0E1$chr5$172410762$+,0.62
chr5:172380663-172381064,NM_003945$ATP6V0E1$chr5$172410762$+,0.45
chr17:43305165-43306978,NM_003954$MAP3K14$chr17$43394430$-,0.36
chr17:76347582-76348110,NM_003955$SOCS3$chr17$76356160$-,0.55
chr17:7381310-7382154,NM_004112$FGF11$chr17$7342688$+,0.31
chr19:17218539-17219391,NM_004145$MYO9B$chr19$17186590$+%NM_001130065$MYO9B$chr19$17186590$+,0.51
chr19:14732511-14733275,NM_004146$NDUFB7$chr19$14682889$-,0.56
chr19:6271729-6272422,NM_004158$PSPN$chr19$6375860$-,0.52
chr11:65666492-65667203,NM_004214$FIBP$chr11$65656010$-%NM_198897$FIBP$chr11$65656010$-,0.42
chr19:8488784-8489136,NM_004218$RAB11B$chr19$8455204$+,0.58
chr10:88470805-88471213,NM_004329$BMPR1A$chr10$88516395$+,0.47
chr11:47573563-47574025,NM_004551$NDUFS3$chr11$47600561$+,0.47
chr5:77140620-77140840,NM_004607$TBCA$chr5$77072185$-%NM_001297740$TBCA$chr5$77072185$-%NM_001297738$TBCA$chr5$77072185$-,0.49
chr3:14246419-14246703,NM_004628$XPC$chr3$14220172$-,0.63
chr19:18761338-18761719,NM_004750$CRLF1$chr19$18717660$-,0.53
chrX:102880714-102880758,NM_004780$TCEAL1$chrX$102883891$+%NM_001006639$TCEAL1$chrX$102883891$+,0.65
chr9:132460473-132461091,NM_004878$PTGES$chr9$132515344$-,0.47
chr9:132539303-132540203,NM_004878$PTGES$chr9$132515344$-,0.46
chr1:172972573-172972790,NM_005092$TNFSF18$chr1$173020103$-,0.36
chr1:84971050-84971209,NM_005274$GNG5$chr1$84972262$-,0.52
chr6:25992254-25993073,NM_005319$HIST1H1C$chr6$26056699$-,0.53
chr6:25992254-25993073,NM_005321$HIST1H1E$chr6$26156558$+,0.33
chr6:25992254-25993073,NM_005325$HIST1H1A$chr6$26018040$-,0.42
chr10:93373465-93373915,NM_005398$PPP1R3C$chr10$93392858$-,0.36
chr17:42276572-42276897,NM_005474$HDAC5$chr17$42201014$-%NM_001015053$HDAC5$chr17$42201014$-,0.33
chr19:4456385-4456784,NM_005483$CHAF1A$chr19$4402659$+,0.69
chr11:65666492-65667203,NM_005507$CFL1$chr11$65625804$-,0.41
chr2:114469366-114469830,NM_005721$ACTR3$chr2$114647510$+,0.32
chr12:58283417-58283685,NM_005730$CTDSP2$chr12$58240747$-,0.39
chr2:162197345-162197490,NM_005805$PSMD14$chr2$162164785$+,0.41
chr17:43305165-43306978,NM_005892$FMNL1$chr17$43299291$+,0.51
chr19:6271729-6272422,NM_005934$MLLT1$chr19$6279959$-,0.44
chr19:8488784-8489136,NM_005968$HNRNPM$chr19$8509802$+%NM_031203$HNRNPM$chr19$8509802$+,0.32
chr15:68817140-68817423,NM_006091$CORO2B$chr15$68871307$+,0.33
chr15:68818732-68818982,NM_006091$CORO2B$chr15$68871307$+,0.31
chr19:10515339-10515636,NM_006202$PDE4A$chr19$10563632$+,0.4
chr4:55097338-55097659,NM_006206$PDGFRA$chr4$55095263$+,0.39
chr4:55100480-55100923,NM_006206$PDGFRA$chr4$55095263$+,0.38
chr11:65187297-65188198,NM_006268$DPF2$chr11$65101224$+,0.66
chr11:65244638-65245303,NM_006268$DPF2$chr11$65101224$+,0.36
chr12:125050856-125051375,NM_006312$NCOR2$chr12$125052010$-%NM_001206654$NCOR2$chr12$125052010$-%NM_001077261$NCOR2$chr12$125052010$-,0.4
chr6:25992254-25993073,NM_006355$TRIM38$chr6$25962916$+,0.58
chr11:65187297-65188198,NM_006396$SSSCA1$chr11$65337942$+,0.52
chr11:65244638-65245303,NM_006396$SSSCA1$chr11$65337942$+,0.42
chr11:65666492-65667203,NM_006442$DRAP1$chr11$65686727$+,0.36
chr17:43305165-43306978,NM_006460$HEXIM1$chr17$43224683$+,0.54
chr17:1974774-1975359,NM_006497$HIC1$chr17$1958392$+,0.33
chr22:37942978-37943343,NM_006498$LGALS2$chr22$37976024$-,0.31
chr11:47573563-47574025,NM_006560$CELF1$chr11$47574792$-,0.63
chr16:30645556-30645885,NM_006662$SRCAP$chr16$30710461$+,0.42
chr11:65244638-65245303,NM_006747$SIPA1$chr11$65405577$+,0.57
chr11:65187297-65188198,NM_006779$CDC42EP2$chr11$65082288$+,0.48
chr11:65244638-65245303,NM_006779$CDC42EP2$chr11$65082288$+,0.7
chr11:65666492-65667203,NM_006848$CCDC85B$chr11$65657874$+,0.57
chr1:78557346-78557710,NM_007034$DNAJB4$chr1$78470635$+,0.37
chr19:10515339-10515636,NM_007065$CDC37$chr19$10514271$-,0.44
chr10:88470805-88471213,NM_007078$LDB3$chr10$88428425$+%NM_001080114$LDB3$chr10$88428425$+%NM_001171611$LDB3$chr10$88428425$+%NM_001080115$LDB3$chr10$88428425$+,0.39
chr3:156210737-156211059,NM_007107$SSR3$chr3$156272973$-,0.34
chr5:14264855-14265210,NM_007118$TRIO$chr5$14143828$+,0.47
chr6:36547678-36548077,NM_007271$STK38$chr6$36515247$-,0.4
chr19:18761338-18761719,NM_012109$TMEM59L$chr19$18723681$+,0.36
chr4:55097338-55097659,NM_012110$CHIC2$chr4$54930815$-,0.3
chr2:242549642-242550327,NM_012145$DTYMK$chr2$242626383$-%NM_001165031$DTYMK$chr2$242626383$-,0.32
chr16:30645556-30645885,NM_012248$SEPHS2$chr16$30457296$-,0.35
chr16:68271348-68271876,NM_012320$PLA2G15$chr16$68279246$+,0.38
chr19:8674150-8674979,NM_012335$MYO1F$chr19$8642331$-,0.38
chr1:32180603-32180986,NM_012392$PEF1$chr1$32110838$-,0.31
chr22:50743986-50744741,NM_012401$PLXNB2$chr22$50746001$-,0.34
chr22:50747003-50747284,NM_012401$PLXNB2$chr22$50746001$-,0.41
chr21:30374865-30375265,NM_013240$N6AMT1$chr21$30257695$-%NM_182749$N6AMT1$chr21$30257695$-,0.37
chr9:134248752-134249121,NM_013318$PRRC2B$chr9$134305476$+,0.55
chr22:37942978-37943343,NM_013365$GGA1$chr22$38004480$+%NM_001172687$GGA1$chr22$38004480$+%NM_001001560$GGA1$chr22$38004480$+,0.38
chr16:11890330-11890418,NM_014153$ZC3H7A$chr16$11891114$-,0.49
chr12:54400493-54400742,NM_014212$HOXC11$chr12$54366909$+,0.34
chr17:42276572-42276897,NM_014233$UBTF$chr17$42297041$-%NM_001076684$UBTF$chr17$42297041$-,0.6
chr11:47573563-47574025,NM_014342$MTCH2$chr11$47664206$-,0.31
chr19:47746329-47746738,NM_014417$BBC3$chr19$47734451$-,0.52
chr22:41809427-41810696,NM_014460$CSDC2$chr22$41957013$+,0.31
chr3:14246419-14246703,NM_014463$LSM3$chr3$14220227$+,0.56
chr9:132460473-132461091,NM_014506$TOR1B$chr9$132565431$+,0.49
chr9:132539303-132540203,NM_014506$TOR1B$chr9$132565431$+,0.64
chr22:37942978-37943343,NM_014550$CARD10$chr22$37915210$-,0.35
chr9:73033763-73035382,NM_015110$SMC5$chr9$72873877$+,0.63
chr11:118489703-118490017,NM_015157$PHLDB1$chr11$118477212$+,0.44
chr15:68589122-68589626,NM_015322$FEM1B$chr15$68570140$+,0.37
chr19:47746329-47746738,NM_015603$CCDC9$chr19$47759730$+,0.43
chr16:11890330-11890418,NM_015659$RSL1D1$chr16$11945442$-,0.5
chr19:2494705-2495117,NM_015675$GADD45B$chr19$2476122$+,0.45
chr19:2524971-2525260,NM_015675$GADD45B$chr19$2476122$+,0.47
chr19:2540691-2541097,NM_015675$GADD45B$chr19$2476122$+,0.31
chr19:2543618-2543970,NM_015675$GADD45B$chr19$2476122$+,0.32
chr21:46461202-46461645,NM_015833$ADARB1$chr21$46494492$+%NM_001160230$ADARB1$chr21$46494492$+%NM_001112$ADARB1$chr21$46494492$+%NM_015834$ADARB1$chr21$46494492$+,0.58
chr16:11890330-11890418,NM_015914$TXNDC11$chr16$11836648$-,0.49
chr2:242549642-242550327,NM_015963$THAP4$chr2$242576725$-,0.54
chr5:172370220-172370579,NM_016093$RPL26L1$chr5$172386438$+,0.47
chr5:172380663-172381064,NM_016093$RPL26L1$chr5$172386438$+,0.53
chr22:41809427-41810696,NM_016272$TOB2$chr22$41843027$-,0.53
chr9:132460473-132461091,NM_016307$PRRX2$chr9$132427919$+,0.68
chr9:132539303-132540203,NM_016307$PRRX2$chr9$132427919$+,0.52
chr17:48251038-48251269,NM_016504$MRPL27$chr17$48450562$-,0.43
chr11:47573563-47574025,NM_016506$KBTBD4$chr11$47600521$-,0.57
chr9:132539303-132540203,NM_016520$C9orf78$chr9$132597572$-,0.42
chr11:65666492-65667203,NM_016938$EFEMP2$chr11$65640405$-,0.53
chr12:54400493-54400742,NM_017410$HOXC13$chr12$54332575$+,0.35
chr19:39863077-39863463,NM_017592$MED29$chr19$39881962$+,0.47
chr1:78557346-78557710,NM_017655$GIPC2$chr1$78511588$+,0.35
chr9:132460473-132461091,NM_017873$ASB6$chr9$132404448$-%NM_001202403$ASB6$chr9$132404448$-%NM_177999$ASB6$chr9$132404448$-,0.36
chr9:132539303-132540203,NM_017873$ASB6$chr9$132404448$-%NM_001202403$ASB6$chr9$132404448$-%NM_177999$ASB6$chr9$132404448$-,0.35
chr19:1266359-1266798,NM_017914$C19orf24$chr19$1275519$+,0.52
chr19:39863077-39863463,NM_018028$SAMD4B$chr19$39833107$+,0.35
chr11:47573563-47574025,NM_018095$KBTBD4$chr11$47600567$-,0.54
chr1:2574343-2574764,NM_018216$PANK4$chr1$2458035$-,0.38
chr11:12309352-12309734,NM_018222$PARVA$chr11$12399025$+,0.35
chr22:46393370-46393721,NM_018280$PRR34$chr22$46450024$-,0.47
chr22:46480881-46481264,NM_018280$PRR34$chr22$46450024$-,0.54
chr19:18761338-18761719,NM_018316$KLHL26$chr19$18747837$+,0.32
chr10:72973788-72974249,NM_018344$SLC29A3$chr10$73079009$+%NM_001174098$SLC29A3$chr10$73079009$+,0.33
chr19:17218539-17219391,NM_018467$USE1$chr19$17326154$+,0.44
chr10:43633157-43633403,NM_018590$CSGALNACT2$chr10$43633892$+,0.4
chr12:54400493-54400742,NM_018953$HOXC5$chr12$54426831$+,0.39
chrX:52964244-52964539,NM_018969$GPR173$chrX$53078505$+,0.36
chr19:39863077-39863463,NM_019088$PAF1$chr19$39881835$-%NM_001256826$PAF1$chr19$39881835$-,0.54
chr2:85147093-85147556,NM_020122$KCMF1$chr2$85198230$+,0.47
chr11:118489703-118490017,NM_020153$IFT46$chr11$118436791$-%NM_001168618$IFT46$chr11$118436791$-,0.34
chr17:42276572-42276897,NM_020218$ATXN7L3$chr17$42275529$-%NM_001098833$ATXN7L3$chr17$42275529$-,0.42
chr10:80737664-80737999,NM_020338$ZMIZ1$chr10$80828791$+,0.3
chr10:80912242-80912363,NM_020338$ZMIZ1$chr10$80828791$+,0.46
chr22:50747003-50747284,NM_020461$TUBGCP6$chr22$50683400$-,0.34
chr11:65187297-65188198,NM_020680$SCYL1$chr11$65292547$+%NM_001048218$SCYL1$chr11$65292547$+,0.48
chr11:65244638-65245303,NM_020680$SCYL1$chr11$65292547$+%NM_001048218$SCYL1$chr11$65292547$+,0.6
chr2:217204686-217204947,NM_020814$MARCH4$chr2$217236750$-,0.39
chr19:39863077-39863463,NM_020862$LRFN1$chr19$39805976$-,0.52
chr17:7381310-7382154,NM_020899$ZBTB4$chr17$7387568$-,0.44
chr10:43633157-43633403,NM_020975$RET$chr10$43572516$+%NM_020630$RET$chr10$43572516$+,0.36
chr6:25992254-25993073,NM_021062$HIST1H2BB$chr6$26043885$-,0.74
chr17:43305165-43306978,NM_021079$NMT1$chr17$43138679$+,0.32
chr2:85147093-85147556,NM_021103$TMSB10$chr2$85132762$+,0.55
chr15:81069569-81069760,NM_021214$ABHD17C$chr15$80987651$+,0.67
chr11:12697923-12698543,NM_021961$TEAD1$chr11$12695968$+,0.36
chr19:10515339-10515636,NM_022377$ICAM4$chr19$10397642$+%NM_001544$ICAM4$chr19$10397642$+%NM_001039132$ICAM4$chr19$10397642$+,0.35
chr11:62211626-62212261,NM_022830$TUT1$chr11$62359109$-,0.31
chr19:10515339-10515636,NM_023008$KRI1$chr19$10676702$-,0.38
chr16:30645556-30645885,NM_023931$ZNF747$chr16$30546194$-,0.34
chr16:30645556-30645885,NM_024031$PRR14$chr16$30662240$+,0.83
chr17:42276572-42276897,NM_024032$C17orf53$chr17$42219273$+%NM_001171251$C17orf53$chr17$42219273$+,0.42
chr16:30645556-30645885,NM_024096$DCTPP1$chr16$30441373$-,0.44
chr8:77590079-77590470,NM_024721$ZFHX4$chr8$77593514$+,0.36
chr16:84862837-84863219,NM_024731$KLHL36$chr16$84682130$+,0.4
chrX:102880714-102880758,NM_024863$TCEAL4$chrX$102840418$+%NM_001006935$TCEAL4$chrX$102840418$+%NM_001006937$TCEAL4$chrX$102840418$+,0.6
chr1:26827232-26827869,NM_024887$DHDDS$chr1$26758772$+%NM_001243564$DHDDS$chr1$26758772$+%NM_001243565$DHDDS$chr1$26758772$+%NM_205861$DHDDS$chr1$26758772$+,0.48
chr16:68271348-68271876,NM_024939$ESRP2$chr16$68270136$-,0.3
chr1:84971050-84971209,NM_025065$RPF1$chr1$84944919$+,0.51
chr11:65666492-65667203,NM_025128$MUS81$chr11$65627871$+,0.43
chr17:79360408-79361324,NM_025161$C17orf70$chr17$79519429$-,0.35
chr2:114469366-114469830,NM_025181$SLC35F5$chr2$114514400$-,0.58
chr22:50743986-50744741,NM_025204$TRABD$chr22$50624359$+,0.37
chr19:4456385-4456784,NM_025241$UBXN6$chr19$4457791$-,0.36
chr19:8674150-8674979,NM_030957$ADAMTS10$chr19$8675620$-,0.43
chr22:50743986-50744741,NM_031454$SELO$chr22$50639407$+,0.35
chr22:41809427-41810696,NM_031488$L3MBTL2$chr22$41601312$+,0.43
chr11:65244638-65245303,NM_031904$FRMD8$chr11$65154040$+%NM_001300832$FRMD8$chr11$65154040$+%NM_001300833$FRMD8$chr11$65154040$+,0.64
chr11:47573563-47574025,NM_031909$C1QTNF4$chr11$47615961$-,0.37
chr22:50743986-50744741,NM_032019$HDAC10$chr22$50689834$-%NM_001159286$HDAC10$chr22$50689834$-,0.64
chr22:50747003-50747284,NM_032019$HDAC10$chr22$50689834$-%NM_001159286$HDAC10$chr22$50689834$-,0.7
chr5:125690030-125690185,NM_032177$PHAX$chr5$125936606$+,0.34
chr8:43092918-43093442,NM_032237$POMK$chr8$42948648$+%NM_001277971$POMK$chr8$42948648$+,0.4
chr19:14732511-14733275,NM_032433$ZNF333$chr19$14800869$+,0.41
chr2:242549642-242550327,NM_032515$BOK$chr2$242498145$+,0.55
chr17:48251038-48251269,NM_032595$PPP1R9B$chr17$48227878$-,0.52
chr17:48282931-48283079,NM_032595$PPP1R9B$chr17$48227878$-,0.47
chr19:4456385-4456784,NM_032631$HDGFRP2$chr19$4472192$+%NM_001001520$HDGFRP2$chr19$4472192$+,0.54
chr12:49628278-49628526,NM_032704$TUBA1C$chr12$49658864$+,0.42
chr19:2524971-2525260,NM_032737$LMNB2$chr19$2456966$-,0.55
chr22:41809427-41810696,NM_032758$PHF5A$chr22$41864708$-,0.48
chr11:118489703-118490017,NM_032780$TMEM25$chr11$118401802$+%NM_001144036$TMEM25$chr11$118401802$+%NM_001144035$TMEM25$chr11$118401802$+%NM_001144034$TMEM25$chr11$118401802$+%NM_001144038$TMEM25$chr11$118401802$+%NM_001144037$TMEM25$chr11$118401802$+,0.46
chr19:1266359-1266798,NM_032853$MUM1$chr19$1354975$+,0.38
chr17:38708057-38709216,NM_032865$TNS4$chr17$38657854$-,0.5
chr11:12309352-12309734,NM_032867$MICALCL$chr11$12308446$+,0.42
chrX:102880714-102880758,NM_032926$TCEAL3$chrX$102862833$+%NM_001006933$TCEAL3$chrX$102862833$+,0.4
chr7:134475089-134475514,NM_033139$CALD1$chr7$134576150$+%NM_033140$CALD1$chr7$134576150$+,0.37
chr21:41005118-41005297,NM_033172$B3GALT5$chr21$41029246$+%NM_006057$B3GALT5$chr21$41029246$+%NM_033171$B3GALT5$chr21$41029246$+%NM_033170$B3GALT5$chr21$41029246$+,0.3
chr10:88470805-88471213,NM_033282$OPN4$chr10$88414313$+%NM_001030015$OPN4$chr10$88414313$+,0.5
chr19:52192085-52192767,NM_033329$SIGLEC12$chr19$52003647$-,0.33
chr19:17218539-17219391,NM_033417$HAUS8$chr19$17186343$-%NM_001011699$HAUS8$chr19$17186343$-,0.44
chr1:2574343-2574764,NM_033467$MMEL1$chr1$2564481$-,0.53
chr22:46393370-46393721,NM_058238$WNT7B$chr22$46373008$-,0.46
chr6:36547678-36548077,NM_078467$CDKN1A$chr6$36644266$+,0.35
chr19:10515339-10515636,NM_079421$CDKN2D$chr19$10679655$-,0.33
chr11:65187297-65188198,NM_080668$CDCA5$chr11$64851615$-,0.3
chr17:1974774-1975359,NM_080822$OVCA2$chr17$1945276$+,0.43
chr17:42276572-42276897,NM_080863$ASB16$chr17$42248073$+,0.47
chrX:52964244-52964539,NM_130776$XAGE3$chrX$52896332$-,0.52
chr17:43305165-43306978,NM_133373$PLCD3$chr17$43209900$-,0.45
chr19:10515339-10515636,NM_133452$RAVER1$chr19$10444314$-,0.33
chr19:6271729-6272422,NM_133492$ACER1$chr19$6333640$-,0.36
chr22:41809427-41810696,NM_138338$POLR3H$chr22$41940493$-%NM_001018052$POLR3H$chr22$41940493$-%NM_001018050$POLR3H$chr22$41940493$-%NM_001282885$POLR3H$chr22$41940493$-,0.63
chr16:30645556-30645885,NM_138447$ZNF689$chr16$30621707$-,0.6
chr1:1840449-1840835,NM_138705$CALML6$chr1$1846265$+,0.34
chr6:25992254-25993073,NM_138720$HIST1H2BD$chr6$26158348$+%NM_021063$HIST1H2BD$chr6$26158348$+,0.38
chr6:25992254-25993073,NM_139009$HFE$chr6$26087508$+%NM_139010$HFE$chr6$26087508$+%NM_000410$HFE$chr6$26087508$+%NM_139007$HFE$chr6$26087508$+%NM_139006$HFE$chr6$26087508$+%NM_139004$HFE$chr6$26087508$+%NM_139003$HFE$chr6$26087508$+%NM_139008$HFE$chr6$26087508$+%NM_139011$HFE$chr6$26087508$+%NM_001300749$HFE$chr6$26087508$+,0.49
chr19:8488784-8489136,NM_139314$ANGPTL4$chr19$8429010$+%NM_001039667$ANGPTL4$chr19$8429010$+,0.41
chr19:2540691-2541097,NM_144564$SLC39A3$chr19$2740074$-%NM_213568$SLC39A3$chr19$2740074$-,0.3
chr17:43305165-43306978,NM_144608$HEXIM2$chr17$43238263$+,0.39
chr17:79360408-79361324,NM_144679$ENTHD2$chr17$79212891$-,0.3
chr16:30645556-30645885,NM_145271$ZNF688$chr16$30583728$-%NM_001024683$ZNF688$chr16$30583728$-,0.53
chr1:26827232-26827869,NM_145345$UBXN11$chr1$26644756$-,0.37
chr11:65187297-65188198,NM_145719$TIGD3$chr11$65122281$+,0.42
chr22:37942978-37943343,NM_152243$CDC42EP1$chr22$37956470$+,0.47
chr17:43305165-43306978,NM_152343$SPATA32$chr17$43339479$-,0.47
chr2:55450545-55450658,NM_152385$CLHC1$chr2$55459449$-,0.55
chr8:43092918-43093442,NM_152419$HGSNAT$chr8$42995591$+,0.49
chr16:30645556-30645885,NM_152458$ZNF785$chr16$30597092$-,0.67
chr11:65666492-65667203,NM_152760$SNX32$chr11$65601409$+,0.59
chr19:1266359-1266798,NM_152769$C19orf26$chr19$1237990$-,0.52
chr11:65187297-65188198,NM_152832$FAM89B$chr11$65339819$+%NM_001098785$FAM89B$chr11$65339819$+%NM_001098784$FAM89B$chr11$65339819$+,0.47
chr11:65244638-65245303,NM_152832$FAM89B$chr11$65339819$+%NM_001098785$FAM89B$chr11$65339819$+%NM_001098784$FAM89B$chr11$65339819$+,0.47
chr10:90711253-90711764,NM_152871$FAS$chr10$90750287$+%NM_000043$FAS$chr10$90750287$+%NM_152872$FAS$chr10$90750287$+,0.49
chr2:208027980-208028625,NM_173077$CPO$chr2$207804277$+,0.4
chr1:72749220-72749791,NM_173808$NEGR1$chr1$72748277$-,0.3
chr17:48251038-48251269,NM_174920$SAMD14$chr17$48207246$-%NM_001257359$SAMD14$chr17$48207246$-,0.33
chr11:47573563-47574025,NM_175732$PTPMT1$chr11$47586981$+%NM_001143984$PTPMT1$chr11$47586981$+,0.49
chr17:7381310-7382154,NM_175734$C17orf74$chr17$7328934$+,0.36
chr19:1266359-1266798,NM_177401$MIDN$chr19$1248551$+,0.46
chr17:42276572-42276897,NM_177441$TMUB2$chr17$42264573$+,0.33
chr2:242549642-242550327,NM_178326$ATG4B$chr2$242577026$+%NM_013325$ATG4B$chr2$242577026$+,0.31
chrX:125606277-125607115,NM_178470$DCAF12L1$chrX$125686842$-,0.35
chr19:47746329-47746738,NM_178511$INAFM1$chr19$47778141$+,0.43
chr17:79360408-79361324,NM_178520$TMEM105$chr17$79304474$-,0.32
chr1:1840449-1840835,NM_178545$TMEM52$chr1$1850740$-,0.47
chr17:1974774-1975359,NM_178568$RTN4RL1$chr17$1928178$-,0.49
chr2:30631915-30632243,NM_182551$LCLAT1$chr2$30670122$+,0.3
chr12:104675995-104676292,NM_182729$TXNRD1$chr12$104680459$+%NM_003330$TXNRD1$chr12$104680459$+%NM_182742$TXNRD1$chr12$104680459$+%NM_001261446$TXNRD1$chr12$104680459$+%NM_001261445$TXNRD1$chr12$104680459$+%NM_182743$TXNRD1$chr12$104680459$+,0.4
chr19:2494705-2495117,NM_182973$TMPRSS9$chr19$2389783$+,0.44
chr16:85202555-85203049,NM_198491$FAM92B$chr16$85146114$-,0.31
chr11:47573563-47574025,NM_198700$CELF1$chr11$47516073$-,0.34
chr17:7381310-7382154,NM_199339$SPEM1$chr17$7323678$+,0.32
chr9:132460473-132461091,NM_199350$C9orf50$chr9$132383055$-,0.44
chr9:132539303-132540203,NM_199350$C9orf50$chr9$132383055$-,0.31
chr19:10515339-10515636,NM_203500$KEAP1$chr19$10614054$-,0.46
