chr21:44395922-44396228,NM_000071$CBS$chr21$44496040$-,0.45
chr17:7746991-7747556,NM_000180$GUCY2D$chr17$7905987$+,0.34
chr17:40400517-40401003,NM_000263$NAGLU$chr17$40687950$+,0.39
chrX:9700566-9700851,NM_000273$GPR143$chrX$9734005$-,0.42
chr2:157190328-157191531,NM_000408$GPD2$chr2$157292899$+,0.47
chr8:145002494-145002937,NM_000445$PLEC$chr8$145050913$-,0.78
chr12:56356198-56356265,NM_000456$SUOX$chr12$56391042$+%NM_001032387$SUOX$chr12$56391042$+%NM_001032386$SUOX$chr12$56391042$+,0.46
chr15:25597069-25597306,NM_000462$UBE3A$chr15$25684175$-%NM_130839$UBE3A$chr15$25684175$-,0.4
chr15:72617371-72617435,NM_000520$HEXA$chr15$72668520$-,0.48
chr9:75747117-75747734,NM_000700$ANXA1$chr9$75766780$+,0.53
chr19:40923099-40923282,NM_000713$BLVRB$chr19$40971725$-,0.33
chr5:131629178-131629624,NM_000758$CSF2$chr5$131409484$+,0.37
chr15:75018665-75019349,NM_000761$CYP1A2$chr15$75041183$+,0.36
chr20:1338546-1338920,NM_000801$FKBP1A$chr20$1373816$-%NM_054014$FKBP1A$chr20$1373816$-%NM_001199786$FKBP1A$chr20$1373816$-,0.37
chr8:145002494-145002937,NM_000837$GRINA$chr8$145064225$+%NM_001009184$GRINA$chr8$145064225$+,0.5
chr22:24255997-24256450,NM_000853$GSTT1$chr22$24384311$-%NM_001293807$GSTT1$chr22$24384311$-%NM_001293808$GSTT1$chr22$24384311$-%NM_001293809$GSTT1$chr22$24384311$-%NM_001293810$GSTT1$chr22$24384311$-%NM_001293811$GSTT1$chr22$24384311$-%NM_001293812$GSTT1$chr22$24384311$-%NM_001293813$GSTT1$chr22$24384311$-%NM_001293814$GSTT1$chr22$24384311$-,0.45
chr22:24255997-24256450,NM_000854$GSTT2$chr22$24322218$+%NM_001302670$GSTT2$chr22$24322218$+,0.34
chr17:40400517-40401003,NM_001001349$NKIRAS2$chr17$40169593$+,0.32
chr9:140117588-140118357,NM_001001710$FAM166A$chr9$140142244$-,0.39
chr9:140134697-140134985,NM_001001710$FAM166A$chr9$140142244$-,0.44
chr22:50743986-50744741,NM_001001794$DENND6B$chr22$50765489$-,0.53
chr22:50330725-50331030,NM_001001852$PIM3$chr22$50354142$+,0.39
chr17:42634020-42634172,NM_001002909$GPATCH8$chr17$42580957$-,0.45
chr16:121563-121849,NM_001003938$HBM$chr16$215972$+,0.33
chr15:40373777-40374114,NM_001003940$BMF$chr15$40401075$-,0.6
chr15:40373777-40374114,NM_001003942$BMF$chr15$40398287$-,0.66
chr15:40373777-40374114,NM_001003943$BMF$chr15$40401085$-,0.61
chr15:90944087-90944636,NM_001004309$ZNF774$chr15$90895476$+,0.41
chr15:90951105-90951410,NM_001004309$ZNF774$chr15$90895476$+,0.3
chr6:105388915-105389637,NM_001004317$LIN28B$chr6$105404922$+,0.46
chr9:140134697-140134985,NM_001004354$NRARP$chr9$140196703$-,0.31
chr11:58340867-58341571,NM_001005218$OR5B21$chr11$58275578$-,0.58
chr17:7746991-7747556,NM_001005271$CHD3$chr17$7788122$+,0.39
chr10:131662553-131662673,NM_001005463$EBF3$chr10$131762091$-,0.51
chr12:56356198-56356265,NM_001005915$ERBB3$chr12$56473891$+,0.39
chr1:26827232-26827869,NM_001006665$RPS6KA1$chr1$26872342$+,0.49
chr3:125709142-125709481,NM_001008487$SLC41A3$chr3$125775618$-,0.42
chr3:125709142-125709481,NM_001012337$ROPN1B$chr3$125688027$+,0.4
chr16:3156518-3156937,NM_001012631$IL32$chr16$3115312$+%NM_004221$IL32$chr16$3115312$+%NM_001012718$IL32$chr16$3115312$+%NM_001012633$IL32$chr16$3115312$+,0.47
chr16:3156518-3156937,NM_001012632$IL32$chr16$3115662$+,0.41
chr16:3156518-3156937,NM_001012634$IL32$chr16$3115638$+,0.45
chr16:3156518-3156937,NM_001012635$IL32$chr16$3115611$+,0.45
chr16:3156518-3156937,NM_001012636$IL32$chr16$3115784$+,0.5
chr9:140117588-140118357,NM_001013653$LRRC26$chr9$140064491$-,0.34
chr15:90944087-90944636,NM_001013657$GDPGP1$chr15$90777486$+,0.35
chr19:4456385-4456784,NM_001013706$PLIN5$chr19$4535208$-,0.46
chr16:66906996-66907469,NM_001014435$CA7$chr16$66878840$+,0.36
chr16:121563-121849,NM_001015054$MPG$chr16$127017$+,0.32
chr4:39392246-39392603,NM_001024921$RPL9$chr4$39460207$-,0.44
chr22:24255997-24256450,NM_001024939$SLC2A11$chr22$24200039$+,0.58
chr18:74830215-74830809,NM_001025100$MBP$chr18$74844774$-%NM_001025101$MBP$chr18$74844774$-,0.46
chr16:69790577-69791500,NM_001025434$NQO1$chr16$69760533$-%NM_000903$NQO1$chr16$69760533$-%NM_001025433$NQO1$chr16$69760533$-,0.63
chr12:56356198-56356265,NM_001029$RPS26$chr12$56435685$+,0.42
chr6:170054470-170055295,NM_001029863$C6orf120$chr6$170102256$+,0.36
chr1:1295535-1296332,NM_001029885$CPTP$chr1$1260142$+,0.41
chr5:138620359-138620541,NM_001033112$PAIP2$chr5$138678122$+,0.36
chr17:66231111-66231433,NM_001033571$AMZ2$chr17$66244144$+%NM_016627$AMZ2$chr17$66244144$+%NM_001033570$AMZ2$chr17$66244144$+%NM_001033569$AMZ2$chr17$66244144$+%NM_001033572$AMZ2$chr17$66244144$+%NM_001289056$AMZ2$chr17$66244144$+%NM_001289054$AMZ2$chr17$66244144$+%NM_001033574$AMZ2$chr17$66244144$+,0.39
chr8:81615108-81615487,NM_001033723$ZNF704$chr8$81787016$-,0.36
chr8:81831009-81831253,NM_001033723$ZNF704$chr8$81787016$-,0.49
chr2:10418251-10419155,NM_001034$RRM2$chr2$10262862$+,0.3
chr17:7746991-7747556,NM_001037144$CNTROB$chr17$7835441$+%NM_053051$CNTROB$chr17$7835441$+,0.51
chr5:138620359-138620541,NM_001037633$SIL1$chr5$138534065$-%NM_022464$SIL1$chr5$138534065$-,0.44
chr17:79319812-79320225,NM_001037984$SLC38A10$chr17$79269139$-%NM_138570$SLC38A10$chr17$79269139$-,0.67
chr17:79360408-79361324,NM_001037984$SLC38A10$chr17$79269139$-%NM_138570$SLC38A10$chr17$79269139$-,0.33
chr16:121563-121849,NM_001039476$NPRL3$chr16$188697$-%NM_001243249$NPRL3$chr16$188697$-%NM_001077350$NPRL3$chr16$188697$-%NM_001243247$NPRL3$chr16$188697$-%NM_001243248$NPRL3$chr16$188697$-,0.46
chr7:2648242-2648706,NM_001040168$LFNG$chr7$2559478$+%NM_001040167$LFNG$chr7$2559478$+,0.3
chr7:2657383-2657705,NM_001040168$LFNG$chr7$2559478$+%NM_001040167$LFNG$chr7$2559478$+,0.31
chr8:80705910-80706255,NM_001040708$HEY1$chr8$80680098$-%NM_012258$HEY1$chr8$80680098$-,0.59
chr19:41771602-41771660,NM_001042595$TMEM91$chr19$41883168$+,0.42
chr18:666183-666708,NM_001071$TYMS$chr18$657603$+,0.37
chr17:42276572-42276897,NM_001076683$UBTF$chr17$42298250$-,0.63
chr11:65187297-65188198,NM_001077241$SLC25A45$chr11$65150145$-%NM_182556$SLC25A45$chr11$65150145$-,0.68
chr11:65244638-65245303,NM_001077241$SLC25A45$chr11$65150145$-%NM_182556$SLC25A45$chr11$65150145$-,0.65
chr17:74525744-74526079,NM_001077620$PRCD$chr17$74536120$+,0.33
chr16:30645556-30645885,NM_001080417$ZNF629$chr16$30798523$-,0.44
chr17:7746991-7747556,NM_001080424$KDM6B$chr17$7743234$+,0.47
chr7:1553000-1553189,NM_001080453$INTS1$chr7$1544018$-,0.32
chr9:35603992-35604628,NM_001080496$RGP1$chr9$35749276$+,0.32
chr15:41953918-41954236,NM_001080541$MGA$chr15$41952609$+%NM_001164273$MGA$chr15$41952609$+,0.42
chr2:157190328-157191531,NM_001083112$GPD2$chr2$157291964$+,0.38
chr22:24255997-24256450,NM_001084392$DDT$chr22$24316680$-,0.4
chr22:24255997-24256450,NM_001084393$DDTL$chr22$24309025$+,0.33
chr17:79448388-79448678,NM_001086521$C17orf89$chr17$79213110$+,0.47
chr22:41809427-41810696,NM_001098$ACO2$chr22$41865128$+,0.43
chr22:41839332-41839605,NM_001098$ACO2$chr22$41865128$+,0.42
chr22:32615051-32615519,NM_001098527$RFPL2$chr22$32599464$-,0.37
chr16:4321625-4322178,NM_001098814$SRL$chr16$4292081$-,0.33
chr19:42037922-42038313,NM_001098825$TMEM91$chr19$41869870$+,0.44
chr11:65187297-65188198,NM_001099409$EHBP1L1$chr11$65343508$+,0.44
chr11:65244638-65245303,NM_001099409$EHBP1L1$chr11$65343508$+,0.67
chrX:52964244-52964539,NM_001099684$FAM156B$chrX$52928408$+,0.39
chr2:101435496-101435968,NM_001099693$RPL31$chr2$101618690$+%NM_000993$RPL31$chr2$101618690$+%NM_001098577$RPL31$chr2$101618690$+,0.51
chr3:186490704-186490868,NM_001102416$KNG1$chr3$186435097$+%NM_001166451$KNG1$chr3$186435097$+%NM_000893$KNG1$chr3$186435097$+,0.32
chr1:20993397-20993558,NM_001103161$SH2D5$chr1$21059133$-%NM_001103160$SH2D5$chr1$21059133$-,0.35
chr15:33124594-33124991,NM_001103184$FMN1$chr15$33360233$-,0.36
chr20:62820558-62820833,NM_001104925$PCMTD2$chr20$62887047$+%NM_018257$PCMTD2$chr20$62887047$+,0.48
chr16:30645556-30645885,NM_001105079$FBRS$chr16$30675777$+,0.68
chr12:109117977-109118365,NM_001105237$CORO1C$chr12$109096774$-,0.45
chr8:24799462-24799718,NM_001105541$NEFM$chr8$24772454$+,0.46
chr17:75319670-75320031,NM_001113491$SEPT9$chr17$75277491$+%NM_001293695$SEPT9$chr17$75277491$+,0.74
chr17:75319670-75320031,NM_001113492$SEPT9$chr17$75283972$+,0.44
chr17:75319670-75320031,NM_001113493$SEPT9$chr17$75369271$+,0.38
chr17:75319670-75320031,NM_001113494$SEPT9$chr17$75372164$+,0.65
chr17:75319670-75320031,NM_001113495$SEPT9$chr17$75471324$+,0.32
chr8:21867707-21867918,NM_001114135$DMTN$chr8$21915374$+,0.52
chr8:21867707-21867918,NM_001114136$DMTN$chr8$21912327$+%NM_001114139$DMTN$chr8$21912327$+%NM_001302817$DMTN$chr8$21912327$+,0.37
chr8:21867707-21867918,NM_001114138$DMTN$chr8$21916655$+%NM_001302816$DMTN$chr8$21916655$+%NM_001978$DMTN$chr8$21916655$+,0.41
chr16:4321625-4322178,NM_001116$ADCY9$chr16$4166186$-,0.48
chr1:20993397-20993558,NM_001122819$KIF17$chr1$21044510$-%NM_020816$KIF17$chr1$21044510$-%NM_001287212$KIF17$chr1$21044510$-,0.57
chr15:75018665-75019349,NM_001127190$CSK$chr15$75074424$+%NM_004383$CSK$chr15$75074424$+,0.55
chr17:46079914-46080281,NM_001127228$CBX1$chr17$46178883$-,0.47
chr3:76544086-76544385,NM_001128223$ZNF717$chr3$75834255$-,0.3
chr9:140134697-140134985,NM_001128228$TPRN$chr9$140095163$-,0.33
chr15:40373777-40374114,NM_001128629$PAK6$chr15$40509628$+%NM_001128628$PAK6$chr15$40509628$+,0.35
chr3:76544086-76544385,NM_001128929$ROBO2$chr3$77147162$+,0.36
chr3:76605335-76605709,NM_001128929$ROBO2$chr3$77147162$+,0.41
chr19:42037922-42038313,NM_001130514$ERICH4$chr19$41949062$+,0.32
chr5:131629178-131629624,NM_001131027$PDLIM4$chr5$131593350$+%NM_003687$PDLIM4$chr5$131593350$+,0.64
chr16:3156518-3156937,NM_001134655$ZNF213$chr16$3185133$+,0.61
chr6:30716597-30717062,NM_001134870$PPP1R18$chr6$30655093$-,0.33
chr22:50330725-50331030,NM_001135101$CRELD2$chr22$50312277$+%NM_001284317$CRELD2$chr22$50312277$+%NM_024324$CRELD2$chr22$50312277$+%NM_001284318$CRELD2$chr22$50312277$+,0.58
chr1:17231253-17231704,NM_001135247$MFAP2$chr1$17308081$-%NM_017459$MFAP2$chr1$17308081$-,0.41
chr1:33077721-33078012,NM_001135255$RBBP4$chr1$33116748$+%NM_005610$RBBP4$chr1$33116748$+,0.38
chr1:33077721-33078012,NM_001135256$RBBP4$chr1$33116958$+,0.45
chr19:3555158-3555442,NM_001135580$C19orf71$chr19$3539154$+,0.36
chr11:65666492-65667203,NM_001135635$C11orf68$chr11$65686531$-%NM_031450$C11orf68$chr11$65686531$-,0.64
chr8:101913945-101914105,NM_001135699$YWHAZ$chr8$101965221$-,0.65
chr8:101913945-101914105,NM_001135701$YWHAZ$chr8$101963560$-%NM_001135700$YWHAZ$chr8$101963560$-,0.72
chr8:101913945-101914105,NM_001135702$YWHAZ$chr8$101962799$-,0.37
chr9:35603992-35604628,NM_001135999$RUSC2$chr9$35538628$+,0.39
chr19:13262107-13262928,NM_001136035$TRMT1$chr19$13227563$-,0.4
chr19:3555158-3555442,NM_001136197$FZR1$chr19$3522953$+%NM_001136198$FZR1$chr19$3522953$+,0.3
chr1:150231710-150231944,NM_001136478$ANP32E$chr1$150208504$-%NM_001280560$ANP32E$chr1$150208504$-%NM_001280559$ANP32E$chr1$150208504$-%NM_030920$ANP32E$chr1$150208504$-,0.39
chr1:150231710-150231944,NM_001136479$ANP32E$chr1$150207026$-,0.31
chr2:238512238-238512938,NM_001137550$LRRFIP1$chr2$238536223$+,0.68
chr2:238512238-238512938,NM_001137551$LRRFIP1$chr2$238600806$+%NM_001137553$LRRFIP1$chr2$238600806$+%NM_004735$LRRFIP1$chr2$238600806$+%NM_001137552$LRRFIP1$chr2$238600806$+,0.56
chr9:91795136-91795669,NM_001142413$C9orf47$chr9$91605777$+%NM_001001938$C9orf47$chr9$91605777$+,0.43
chr19:13262107-13262928,NM_001142554$TRMT1$chr19$13227463$-%NM_017722$TRMT1$chr19$13227463$-,0.37
chr5:131629178-131629624,NM_001142598$P4HA2$chr5$131563556$-%NM_001142599$P4HA2$chr5$131563556$-%NM_001017974$P4HA2$chr5$131563556$-,0.41
chr1:23888678-23889201,NM_001143778$ASAP3$chr1$23810750$-%NM_017707$ASAP3$chr1$23810750$-,0.46
chr12:56356198-56356265,NM_001143853$WIBG$chr12$56320909$-,0.51
chr11:65666492-65667203,NM_001143985$BANF1$chr11$65769549$+%NM_003860$BANF1$chr11$65769549$+,0.37
chr17:7746991-7747556,NM_001143990$WRAP53$chr17$7589388$+,0.39
chr11:58340867-58341571,NM_001143995$LPXN$chr11$58345639$-,0.32
chr9:140117588-140118357,NM_001144028$NDOR1$chr9$140100118$+%NM_014434$NDOR1$chr9$140100118$+%NM_001144027$NDOR1$chr9$140100118$+%NM_001144026$NDOR1$chr9$140100118$+,0.47
chr9:140134697-140134985,NM_001144028$NDOR1$chr9$140100118$+%NM_014434$NDOR1$chr9$140100118$+%NM_001144027$NDOR1$chr9$140100118$+%NM_001144026$NDOR1$chr9$140100118$+,0.48
chr19:3555158-3555442,NM_001145165$DOHH$chr19$3500938$-,0.31
chr15:75747348-75747533,NM_001145357$SIN3A$chr15$75748124$-,0.41
chr15:75747348-75747533,NM_001145358$SIN3A$chr15$75744087$-,0.42
chr22:41809427-41810696,NM_001145398$TEF$chr22$41763336$+,0.56
chr12:20732540-20732626,NM_001145946$SLCO1C1$chr12$20848288$+%NM_001145945$SLCO1C1$chr12$20848288$+,0.34
chr1:1295535-1296332,NM_001146685$TMEM88B$chr1$1361507$+,0.46
chr2:69989990-69990667,NM_001153$ANXA4$chr2$69969126$+,0.48
chr22:32615051-32615519,NM_001159545$RFPL2$chr22$32600718$-,0.56
chr22:32615051-32615519,NM_001159546$RFPL2$chr22$32598537$-,0.33
chr12:109117977-109118365,NM_001161331$SSH1$chr12$109221327$-,0.41
chr6:30716597-30717062,NM_001161376$C6orf136$chr6$30614815$+%NM_001109938$C6orf136$chr6$30614815$+%NM_145029$C6orf136$chr6$30614815$+,0.31
chr16:21637887-21638686,NM_001161683$OTOA$chr16$21695749$+,0.33
chr11:65187297-65188198,NM_001164266$LTBP3$chr11$65325699$-%NM_021070$LTBP3$chr11$65325699$-%NM_001130144$LTBP3$chr11$65325699$-,0.54
chr11:65244638-65245303,NM_001164266$LTBP3$chr11$65325699$-%NM_021070$LTBP3$chr11$65325699$-%NM_001130144$LTBP3$chr11$65325699$-,0.54
chr19:35809679-35810380,NM_001164605$FXYD5$chr19$35645844$+,0.39
chr2:10260365-10260994,NM_001165931$RRM2$chr2$10262694$+,0.33
chr2:10418251-10419155,NM_001165931$RRM2$chr2$10262694$+,0.3
chr17:78134342-78134588,NM_001166348$SLC26A11$chr17$78194199$+%NM_001166349$SLC26A11$chr17$78194199$+%NM_001166347$SLC26A11$chr17$78194199$+%NM_173626$SLC26A11$chr17$78194199$+,0.45
chr3:50264852-50265230,NM_001166425$GNAI2$chr3$50284325$+,0.39
chr17:74525744-74526079,NM_001166579$AANAT$chr17$74449432$+,0.34
chr17:7746991-7747556,NM_001166621$TRAPPC1$chr17$7835317$-,0.55
chr1:168050664-168051125,NM_001167749$ADCY10$chr1$167883464$-%NM_018417$ADCY10$chr1$167883464$-%NM_001297772$ADCY10$chr1$167883464$-,0.47
chr19:42037922-42038313,NM_001167867$ATP5SL$chr19$41945481$-%NM_001167868$ATP5SL$chr19$41945481$-,0.66
chr3:190251387-190251779,NM_001167928$IL1RAP$chr3$190231839$+%NM_001167930$IL1RAP$chr3$190231839$+%NM_001167931$IL1RAP$chr3$190231839$+%NM_001167929$IL1RAP$chr3$190231839$+%NM_134470$IL1RAP$chr3$190231839$+%NM_002182$IL1RAP$chr3$190231839$+,0.38
chr19:18485152-18485556,NM_001170938$ISYNA1$chr19$18549111$-%NM_016368$ISYNA1$chr19$18549111$-,0.57
chr19:4456385-4456784,NM_001171091$UBXN6$chr19$4455295$-,0.5
chr4:38859134-38859762,NM_001171654$KLHL5$chr4$39046450$+%NM_001007075$KLHL5$chr4$39046450$+,0.31
chr19:18485152-18485556,NM_001171949$KXD1$chr19$18668571$+%NM_001171948$KXD1$chr19$18668571$+%NM_024069$KXD1$chr19$18668571$+,0.33
chr16:30645556-30645885,NM_001172432$PHKG2$chr16$30759619$+%NM_000294$PHKG2$chr16$30759619$+,0.32
chr16:30579441-30579843,NM_001172679$ZNF764$chr16$30569642$-%NM_033410$ZNF764$chr16$30569642$-,0.39
chr15:72617371-72617435,NM_001172684$CELF6$chr15$72612287$-,0.47
chr15:72617371-72617435,NM_001172685$CELF6$chr15$72598656$-,0.49
chr9:140117588-140118357,NM_001177316$SLC34A3$chr9$140125208$+%NM_001177317$SLC34A3$chr9$140125208$+,0.48
chr9:140134697-140134985,NM_001177316$SLC34A3$chr9$140125208$+%NM_001177317$SLC34A3$chr9$140125208$+,0.42
chr2:10260365-10260994,NM_001177718$KLF11$chr2$10184371$+,0.4
chr21:44395922-44396228,NM_001178009$CBS$chr21$44496472$-%NM_001178008$CBS$chr21$44496472$-,0.55
chr12:56356198-56356265,NM_001184796$ESYT1$chr12$56521985$+%NM_015292$ESYT1$chr12$56521985$+,0.31
chr16:15766632-15767024,NM_001184999$KIAA0430$chr16$15737023$-%NM_001184998$KIAA0430$chr16$15737023$-%NM_014647$KIAA0430$chr16$15737023$-,0.33
chr19:35809679-35810380,NM_001185100$CD22$chr19$35820071$+%NM_001771$CD22$chr19$35820071$+%NM_001185099$CD22$chr19$35820071$+%NM_001185101$CD22$chr19$35820071$+,0.43
chr9:140117588-140118357,NM_001190228$RNF224$chr9$140122017$+,0.55
chr9:140134697-140134985,NM_001190228$RNF224$chr9$140122017$+,0.41
chr13:20735697-20735843,NM_001190964$ZMYM2$chr13$20532847$+,0.3
chr15:33004938-33004960,NM_001191323$GREM1$chr15$33010204$+%NM_013372$GREM1$chr15$33010204$+%NM_001191322$GREM1$chr15$33010204$+,0.56
chr22:18538907-18539143,NM_001193414$TUBA8$chr22$18593452$+%NM_018943$TUBA8$chr22$18593452$+,0.31
chr3:15813744-15814005,NM_001195098$ANKRD28$chr3$15839691$-,0.36
chr3:15695837-15696119,NM_001195099$ANKRD28$chr3$15798058$-,0.52
chr3:15813744-15814005,NM_001195099$ANKRD28$chr3$15798058$-,0.4
chr3:15835826-15836097,NM_001195099$ANKRD28$chr3$15798058$-,0.65
chr9:35603992-35604628,NM_001195201$CCDC107$chr9$35658286$+%NM_174923$CCDC107$chr9$35658286$+%NM_001195217$CCDC107$chr9$35658286$+%NM_001195200$CCDC107$chr9$35658286$+,0.86
chr6:393896-394326,NM_001195286$IRF4$chr6$391738$+%NM_002460$IRF4$chr6$391738$+,0.3
chr16:30645556-30645885,NM_001195620$C16orf93$chr16$30773565$-%NM_001014979$C16orf93$chr16$30773565$-,0.45
chr9:32535412-32535514,NM_001195622$TOPORS$chr9$32552626$-%NM_005802$TOPORS$chr9$32552626$-,0.61
chr1:2574343-2574764,NM_001195741$FAM213B$chr1$2518188$+%NM_152371$FAM213B$chr1$2518188$+%NM_001195738$FAM213B$chr1$2518188$+%NM_001195737$FAM213B$chr1$2518188$+%NM_001195736$FAM213B$chr1$2518188$+%NM_001195740$FAM213B$chr1$2518188$+,0.55
chr2:160646880-160647090,NM_001198763$CD302$chr2$160654766$-%NM_014880$CD302$chr2$160654766$-%NM_001198764$CD302$chr2$160654766$-,0.53
chr11:57200214-57200547,NM_001198810$SLC43A1$chr11$57282358$-,0.57
chr18:32291109-32291369,NM_001198941$DTNA$chr18$32290195$+%NM_032978$DTNA$chr18$32290195$+,0.48
chr1:1840449-1840835,NM_001198993$NADK$chr1$1710297$-,0.35
chr22:24255997-24256450,NM_001199281$CABIN1$chr22$24407819$+,0.43
chr22:18538907-18539143,NM_001199319$PEX26$chr22$18560685$+%NM_017929$PEX26$chr22$18560685$+,0.33
chr1:68257818-68258216,NM_001199741$GADD45A$chr1$68150859$+%NM_001924$GADD45A$chr1$68150859$+%NM_001199742$GADD45A$chr1$68150859$+,0.4
chr20:1338546-1338920,NM_001199784$SDCBP2$chr20$1306513$-,0.41
chr1:23888678-23889201,NM_001199802$RPL11$chr1$24018268$+%NM_000975$RPL11$chr1$24018268$+,0.39
chr19:4456385-4456784,NM_001199943$SH3GL1$chr19$4400565$-%NM_003025$SH3GL1$chr19$4400565$-,0.47
chr19:4456385-4456784,NM_001199944$SH3GL1$chr19$4400415$-,0.46
chr3:50264852-50265230,NM_001200032$HYAL3$chr3$50336899$-%NM_001200031$HYAL3$chr3$50336899$-%NM_003549$HYAL3$chr3$50336899$-%NM_001200030$HYAL3$chr3$50336899$-,0.31
chr12:56356198-56356265,NM_001200054$PMEL$chr12$56359846$-%NM_001200053$PMEL$chr12$56359846$-,0.39
chr22:24255997-24256450,NM_001201429$CABIN1$chr22$24407764$+%NM_012295$CABIN1$chr22$24407764$+,0.43
chr16:4321625-4322178,NM_001201473$CORO7$chr16$4466962$-%NM_001201472$CORO7$chr16$4466962$-%NM_001201479$CORO7-PAM16$chr16$4466962$-%NM_024535$CORO7$chr16$4466962$-,0.31
chr6:170054470-170055295,NM_001202550$WDR27$chr6$170102159$-%NM_182552$WDR27$chr6$170102159$-,0.55
chr9:73035561-73035945,NM_001206$KLF9$chr9$73029573$-,0.45
chr12:109117977-109118365,NM_001206609$SELPLG$chr12$109025854$-,0.58
chr15:40373777-40374114,NM_001211$BUB1B$chr15$40453209$+,0.46
chr7:143083267-143084129,NM_001224$CASP2$chr7$142986680$+,0.38
chr11:65666492-65667203,NM_001242486$EIF1AD$chr11$65769637$-%NM_001242481$EIF1AD$chr11$65769637$-%NM_001242485$EIF1AD$chr11$65769637$-%NM_001242484$EIF1AD$chr11$65769637$-%NM_001242483$EIF1AD$chr11$65769637$-%NM_001242482$EIF1AD$chr11$65769637$-%NM_032325$EIF1AD$chr11$65769637$-,0.38
chrX:52964244-52964539,NM_001242491$FAM156A$chrX$52926321$+,0.31
chrX:52964244-52964539,NM_001242496$FAM156A$chrX$53024651$-%NM_014138$FAM156A$chrX$53024651$-%NM_001242492$FAM156A$chrX$53024651$-%NM_001242490$FAM156A$chrX$53024651$-%NM_001242489$FAM156A$chrX$53024651$-%NM_001242495$FAM156A$chrX$53024651$-%NM_001242494$FAM156A$chrX$53024651$-%NM_001242493$FAM156A$chrX$53024651$-%NM_001242497$FAM156A$chrX$53024651$-,0.65
chr7:101929978-101930313,NM_001242713$LOC100289561$chr7$102004307$+,0.43
chr22:50743986-50744741,NM_001242898$PPP6R2$chr22$50781745$+%NM_001242899$PPP6R2$chr22$50781745$+%NM_014678$PPP6R2$chr22$50781745$+%NM_001242900$PPP6R2$chr22$50781745$+,0.55
chr18:11849903-11850727,NM_001242904$MPPE1$chr18$11908796$-%NM_023075$MPPE1$chr18$11908796$-,0.37
chr17:77778056-77778248,NM_001243342$CCDC40$chr17$78010430$+%NM_017950$CCDC40$chr17$78010430$+,0.32
chr17:77967532-77967765,NM_001243342$CCDC40$chr17$78010430$+%NM_017950$CCDC40$chr17$78010430$+,0.44
chr17:78134342-78134588,NM_001243342$CCDC40$chr17$78010430$+%NM_017950$CCDC40$chr17$78010430$+,0.44
chr1:150231710-150231944,NM_001243772$APH1A$chr1$150241609$-%NM_016022$APH1A$chr1$150241609$-%NM_001077628$APH1A$chr1$150241609$-%NM_001243771$APH1A$chr1$150241609$-,0.38
chr7:2648242-2648706,NM_001243795$CHST12$chr7$2443194$+%NM_018641$CHST12$chr7$2443194$+%NM_001243794$CHST12$chr7$2443194$+,0.34
chr7:2667919-2668210,NM_001243795$CHST12$chr7$2443194$+%NM_018641$CHST12$chr7$2443194$+%NM_001243794$CHST12$chr7$2443194$+,0.39
chr7:2672306-2673216,NM_001243795$CHST12$chr7$2443194$+%NM_018641$CHST12$chr7$2443194$+%NM_001243794$CHST12$chr7$2443194$+,0.33
chr7:2674160-2674375,NM_001243795$CHST12$chr7$2443194$+%NM_018641$CHST12$chr7$2443194$+%NM_001243794$CHST12$chr7$2443194$+,0.32
chr2:242304310-242304654,NM_001243900$HDLBP$chr2$242212246$-%NM_203346$HDLBP$chr2$242212246$-,0.31
chr12:20732540-20732626,NM_001244683$PDE3A$chr12$20724797$+,0.34
chr19:3555158-3555442,NM_001245002$NFIC$chr19$3366564$+%NM_005597$NFIC$chr19$3366564$+%NM_001245004$NFIC$chr19$3366564$+,0.37
chr12:69036661-69037118,NM_001251922$RAP1B$chr12$69004618$+%NM_015646$RAP1B$chr12$69004618$+%NM_001251921$RAP1B$chr12$69004618$+%NM_001251918$RAP1B$chr12$69004618$+%NM_001251917$RAP1B$chr12$69004618$+%NM_001010942$RAP1B$chr12$69004618$+,0.39
chr12:56356198-56356265,NM_001252036$RAB5B$chr12$56367696$+,0.48
chr19:18485152-18485556,NM_001253389$ISYNA1$chr19$18548119$-,0.31
chr19:18497624-18497977,NM_001253389$ISYNA1$chr19$18548119$-,0.49
chr6:33392796-33393285,NM_001254717$DAXX$chr6$33290793$-%NM_001141970$DAXX$chr6$33290793$-%NM_001350$DAXX$chr6$33290793$-%NM_001141969$DAXX$chr6$33290793$-,0.33
chr17:78134342-78134588,NM_001256071$RNF213$chr17$78234659$+%NM_020954$RNF213$chr17$78234659$+,0.38
chr18:20811230-20811702,NM_001256438$CABLES1$chr18$20714527$+,0.45
chr1:156426931-156427503,NM_001256608$C1orf85$chr1$156265480$-%NM_001256604$C1orf85$chr1$156265480$-%NM_001256609$C1orf85$chr1$156265480$-%NM_144580$C1orf85$chr1$156265480$-%NM_001256605$C1orf85$chr1$156265480$-,0.46
chr9:140117588-140118357,NM_001256701$C9orf173$chr9$140145712$+%NM_001256700$C9orf173$chr9$140145712$+%NM_001256699$C9orf173$chr9$140145712$+%NM_001004353$C9orf173$chr9$140145712$+,0.39
chr9:140134697-140134985,NM_001256701$C9orf173$chr9$140145712$+%NM_001256700$C9orf173$chr9$140145712$+%NM_001256699$C9orf173$chr9$140145712$+%NM_001004353$C9orf173$chr9$140145712$+,0.3
chr16:30645556-30645885,NM_001256932$LOC730183$chr16$30709810$-,0.46
chr1:1840449-1840835,NM_001256947$C1orf86$chr1$2126214$-%NM_001256946$C1orf86$chr1$2126214$-%NM_001282671$C1orf86$chr1$2126214$-%NM_001282673$C1orf86$chr1$2126214$-%NM_182533$C1orf86$chr1$2126214$-%NM_001282672$C1orf86$chr1$2126214$-%NM_001256945$C1orf86$chr1$2126214$-,0.4
chr12:56356198-56356265,NM_001257390$CD63$chr12$56122434$-,0.34
chr20:48924890-48925591,NM_001257396$UBE2V1$chr20$48729735$-%NM_001257395$UBE2V1$chr20$48729735$-%NM_001257399$UBE2V1$chr20$48729735$-%NM_001257398$UBE2V1$chr20$48729735$-%NM_001257397$UBE2V1$chr20$48729735$-%NM_001032288$UBE2V1$chr20$48729735$-%NM_001282580$UBE2V1$chr20$48729735$-%NM_001282579$UBE2V1$chr20$48729735$-%NM_001282576$UBE2V1$chr20$48729735$-%NM_001282578$UBE2V1$chr20$48729735$-%NM_001282577$UBE2V1$chr20$48729735$-,0.57
chr4:124398959-124399392,NM_001258039$SPRY1$chr4$124319540$+,0.57
chr2:10418251-10419155,NM_001258357$HPCAL1$chr2$10470288$+,0.51
chr2:10418251-10419155,NM_001258358$HPCAL1$chr2$10508803$+,0.37
chr2:10418251-10419155,NM_001258359$HPCAL1$chr2$10508889$+,0.37
chr18:11849903-11850727,NM_001261444$GNAL$chr18$11857436$+,0.34
chr15:41953918-41954236,NM_001265611$MAPKBP1$chr15$42066631$+%NM_014994$MAPKBP1$chr15$42066631$+%NM_001128608$MAPKBP1$chr15$42066631$+,0.3
chr1:168050664-168051125,NM_001267610$GPR161$chr1$168106905$-%NM_001267609$GPR161$chr1$168106905$-,0.32
chr1:168050664-168051125,NM_001267611$GPR161$chr1$168106811$-%NM_001267614$GPR161$chr1$168106811$-,0.31
chr12:56356198-56356265,NM_001267698$CD63$chr12$56122761$-,0.32
chr17:66452519-66452682,NM_001267727$ARSG$chr17$66287635$+,0.3
chr19:13262107-13262928,NM_001270363$RAD23A$chr19$13056627$+%NM_001270362$RAD23A$chr19$13056627$+%NM_005053$RAD23A$chr19$13056627$+,0.35
chr3:125709142-125709481,NM_001270364$ALDH1L1$chr3$125900029$-,0.41
chr6:138148087-138148219,NM_001270507$TNFAIP3$chr6$138188324$+%NM_006290$TNFAIP3$chr6$138188324$+%NM_001270508$TNFAIP3$chr6$138188324$+,0.3
chr6:30716597-30717062,NM_001270707$NRM$chr6$30658906$-%NM_001270709$NRM$chr6$30658906$-%NM_001270708$NRM$chr6$30658906$-%NM_001270710$NRM$chr6$30658906$-,0.39
chr8:145002494-145002937,NM_001271100$PUF60$chr8$144911279$-%NM_001136033$PUF60$chr8$144911279$-,0.41
chr3:98504725-98505044,NM_001271142$ST3GAL6$chr3$98451079$+%NM_001271146$ST3GAL6$chr3$98451079$+%NM_001271148$ST3GAL6$chr3$98451079$+%NM_001271147$ST3GAL6$chr3$98451079$+,0.3
chr8:144360422-144361034,NM_001271156$ZFP41$chr8$144328990$+,0.4
chr17:77967532-77967765,NM_001271844$TBC1D16$chr17$77924656$-%NM_001271846$TBC1D16$chr17$77924656$-%NM_001271845$TBC1D16$chr17$77924656$-,0.59
chr17:79319812-79320225,NM_001272086$LOC100130370$chr17$79359160$-,0.41
chr17:79448388-79448678,NM_001272086$LOC100130370$chr17$79359160$-,0.36
chr17:66452519-66452682,NM_001276290$PRKAR1A$chr17$66511534$+,0.32
chr12:109117977-109118365,NM_001276471$CORO1C$chr12$109124619$-,0.33
chr15:40373777-40374114,NM_001276718$PAK6$chr15$40531291$+,0.3
chr15:33440518-33440847,NM_001277313$FMN1$chr15$33486934$-%NM_001277314$FMN1$chr15$33486934$-,0.42
chr16:3156518-3156937,NM_001278158$ZNF205$chr16$3162579$+,0.51
chr17:46079914-46080281,NM_001278197$CDK5RAP3$chr17$46047893$+,0.43
chr17:46102426-46102830,NM_001278197$CDK5RAP3$chr17$46047893$+,0.54
chr17:46079914-46080281,NM_001278198$CDK5RAP3$chr17$46048321$+%NM_176096$CDK5RAP3$chr17$46048321$+%NM_001278216$CDK5RAP3$chr17$46048321$+%NM_001278217$CDK5RAP3$chr17$46048321$+,0.57
chr17:46102426-46102830,NM_001278198$CDK5RAP3$chr17$46048321$+%NM_176096$CDK5RAP3$chr17$46048321$+%NM_001278216$CDK5RAP3$chr17$46048321$+%NM_001278217$CDK5RAP3$chr17$46048321$+,0.72
chr1:109467804-109468470,NM_001278203$CLCC1$chr1$109493070$-%NM_001278202$CLCC1$chr1$109493070$-,0.35
chr11:65187297-65188198,NM_001278250$SLC25A45$chr11$65149857$-%NM_001300820$SLC25A45$chr11$65149857$-,0.58
chr11:65244638-65245303,NM_001278250$SLC25A45$chr11$65149857$-%NM_001300820$SLC25A45$chr11$65149857$-,0.62
chr11:65187297-65188198,NM_001278251$SLC25A45$chr11$65151172$-,0.55
chr11:65244638-65245303,NM_001278251$SLC25A45$chr11$65151172$-,0.76
chr7:143083267-143084129,NM_001278297$FAM131B$chr7$143059840$-%NM_001031690$FAM131B$chr7$143059840$-,0.58
chr2:238512238-238512938,NM_001278308$UBE2F$chr2$238875586$+%NM_001278307$UBE2F$chr2$238875586$+%NM_001278306$UBE2F$chr2$238875586$+%NM_080678$UBE2F$chr2$238875586$+,0.35
chr19:35809679-35810380,NM_001278417$CD22$chr19$35820068$+,0.41
chr19:41771602-41771660,NM_001278599$AXL$chr19$41732659$+,0.43
chr20:48924890-48925591,NM_001278655$LINC01272$chr20$48884022$+,0.56
chr1:149978692-149979077,NM_001279355$VPS45$chr1$150039724$+%NM_001279354$VPS45$chr1$150039724$+,0.35
chr3:15695837-15696119,NM_001281723$BTD$chr3$15642858$+,0.38
chr3:15695837-15696119,NM_001281725$BTD$chr3$15643475$+,0.36
chr3:15813744-15814005,NM_001281725$BTD$chr3$15643475$+,0.31
chr3:15835826-15836097,NM_001281725$BTD$chr3$15643475$+,0.3
chr3:15695837-15696119,NM_001281726$BTD$chr3$15643251$+%NM_000060$BTD$chr3$15643251$+%NM_001281724$BTD$chr3$15643251$+,0.45
chr3:15835826-15836097,NM_001281726$BTD$chr3$15643251$+%NM_000060$BTD$chr3$15643251$+%NM_001281724$BTD$chr3$15643251$+,0.31
chr5:137800317-137800564,NM_001282185$ETF1$chr5$137877400$-%NM_001291974$ETF1$chr5$137877400$-,0.3
chr1:1295535-1296332,NM_001282582$MXRA8$chr1$1298921$-,0.32
chr1:1295535-1296332,NM_001282583$MXRA8$chr1$1297157$-,0.4
chr1:1295535-1296332,NM_001282585$MXRA8$chr1$1293927$-,0.46
chr3:50264852-50265230,NM_001282617$GNAI2$chr3$50268207$+,0.47
chr3:50264852-50265230,NM_001282620$GNAI2$chr3$50264119$+%NM_001282619$GNAI2$chr3$50264119$+,0.51
chr9:91795136-91795669,NM_001282690$SECISBP2$chr9$91933765$+,0.49
chr8:80705910-80706255,NM_001282851$HEY1$chr8$80678710$-,0.61
chr22:24255997-24256450,NM_001282864$SLC2A11$chr22$24199186$+,0.61
chr7:143083267-143084129,NM_001282876$TMEM139$chr7$142982042$+,0.32
chr7:143083267-143084129,NM_001282877$TMEM139$chr7$142981991$+%NM_153345$TMEM139$chr7$142981991$+%NM_001242774$TMEM139$chr7$142981991$+%NM_001242773$TMEM139$chr7$142981991$+%NM_001242775$TMEM139$chr7$142981991$+,0.32
chr7:2647516-2647699,NM_001284355$AMZ1$chr7$2727835$+,0.34
chr7:2648242-2648706,NM_001284355$AMZ1$chr7$2727835$+,0.36
chr7:2657383-2657705,NM_001284355$AMZ1$chr7$2727835$+,0.35
chr7:2667919-2668210,NM_001284355$AMZ1$chr7$2727835$+,0.33
chr7:2672306-2673216,NM_001284355$AMZ1$chr7$2727835$+,0.3
chr7:2674160-2674375,NM_001284355$AMZ1$chr7$2727835$+,0.38
chr7:2697261-2697345,NM_001284355$AMZ1$chr7$2727835$+,0.47
chr3:15813744-15814005,NM_001284413$HACL1$chr3$15643359$-%NM_012260$HACL1$chr3$15643359$-%NM_001284416$HACL1$chr3$15643359$-%NM_001284415$HACL1$chr3$15643359$-,0.41
chr3:15835826-15836097,NM_001284413$HACL1$chr3$15643359$-%NM_012260$HACL1$chr3$15643359$-%NM_001284416$HACL1$chr3$15643359$-%NM_001284415$HACL1$chr3$15643359$-,0.4
chr16:69790577-69791500,NM_001286137$NQO1$chr16$69760571$-,0.63
chr21:30374865-30375265,NM_001286619$MAP3K7CL$chr21$30464574$+,0.35
chr8:142215999-142216277,NM_001286646$SLC45A4$chr8$142264728$-,0.41
chr8:21867707-21867918,NM_001286680$NPM2$chr8$21881620$+,0.41
chr2:10418251-10419155,NM_001287190$ODC1$chr2$10587925$-%NM_001287189$ODC1$chr2$10587925$-,0.33
chr7:2647516-2647699,NM_001287500$IQCE$chr7$2598605$+%NM_001287499$IQCE$chr7$2598605$+%NM_152558$IQCE$chr7$2598605$+%NM_001287502$IQCE$chr7$2598605$+%NM_001287501$IQCE$chr7$2598605$+,0.57
chr7:2648242-2648706,NM_001287500$IQCE$chr7$2598605$+%NM_001287499$IQCE$chr7$2598605$+%NM_152558$IQCE$chr7$2598605$+%NM_001287502$IQCE$chr7$2598605$+%NM_001287501$IQCE$chr7$2598605$+,0.51
chr7:2667919-2668210,NM_001287500$IQCE$chr7$2598605$+%NM_001287499$IQCE$chr7$2598605$+%NM_152558$IQCE$chr7$2598605$+%NM_001287502$IQCE$chr7$2598605$+%NM_001287501$IQCE$chr7$2598605$+,0.36
chr7:2674160-2674375,NM_001287500$IQCE$chr7$2598605$+%NM_001287499$IQCE$chr7$2598605$+%NM_152558$IQCE$chr7$2598605$+%NM_001287502$IQCE$chr7$2598605$+%NM_001287501$IQCE$chr7$2598605$+,0.36
chr7:2697261-2697345,NM_001287500$IQCE$chr7$2598605$+%NM_001287499$IQCE$chr7$2598605$+%NM_152558$IQCE$chr7$2598605$+%NM_001287502$IQCE$chr7$2598605$+%NM_001287501$IQCE$chr7$2598605$+,0.6
chr16:3156518-3156937,NM_001288665$HCFC1R1$chr16$3074287$-%NM_001288668$HCFC1R1$chr16$3074287$-%NM_017885$HCFC1R1$chr16$3074287$-%NM_001002018$HCFC1R1$chr16$3074287$-%NM_001288667$HCFC1R1$chr16$3074287$-%NM_001288666$HCFC1R1$chr16$3074287$-%NM_001002017$HCFC1R1$chr16$3074287$-,0.4
chr17:40400517-40401003,NM_001288720$STAT5A$chr17$40440073$+%NM_001288719$STAT5A$chr17$40440073$+,0.4
chr19:42037922-42038313,NM_001288773$CEACAM21$chr19$42055885$+,0.53
chr22:41809427-41810696,NM_001288976$XRCC6$chr22$42017345$+,0.44
chr15:75018665-75019349,NM_001289156$MPI$chr15$75182351$+%NM_001289157$MPI$chr15$75182351$+%NM_002435$MPI$chr15$75182351$+%NM_001289155$MPI$chr15$75182351$+,0.43
chr17:80052713-80052821,NM_001289416$ANAPC11$chr17$79849802$+%NM_001289420$ANAPC11$chr17$79849802$+%NM_001002249$ANAPC11$chr17$79849802$+,0.35
chr7:107573965-107574445,NM_001289750$DLD$chr7$107531551$+%NM_000108$DLD$chr7$107531551$+%NM_001289751$DLD$chr7$107531551$+%NM_001289752$DLD$chr7$107531551$+,0.55
chr19:18485152-18485556,NM_001290023$IL12RB1$chr19$18197813$-%NM_153701$IL12RB1$chr19$18197813$-%NM_005535$IL12RB1$chr19$18197813$-,0.33
chr3:50264852-50265230,NM_001290060$SEMA3B$chr3$50306426$+,0.38
chr3:50264852-50265230,NM_001290061$SEMA3B$chr3$50306592$+,0.37
chr3:50264852-50265230,NM_001290063$SEMA3B$chr3$50310549$+%NM_001290062$SEMA3B$chr3$50310549$+,0.39
chr3:76544086-76544385,NM_001290210$ZNF717$chr3$75834734$-%NM_001290208$ZNF717$chr3$75834734$-%NM_001290209$ZNF717$chr3$75834734$-,0.3
chr19:40923099-40923282,NM_001291311$PLD3$chr19$40865548$+,0.39
chr17:79319812-79320225,NM_001291324$BAHCC1$chr17$79373520$+,0.46
chr17:79360408-79361324,NM_001291324$BAHCC1$chr17$79373520$+,0.42
chr1:33077721-33078012,NM_001291496$ZBTB8A$chr1$33004745$+%NM_001040441$ZBTB8A$chr1$33004745$+,0.4
chr6:30716597-30717062,NM_001293212$TUBB$chr6$30689325$+%NM_001293215$TUBB$chr6$30689325$+%NM_001293216$TUBB$chr6$30689325$+,0.53
chr6:30716597-30717062,NM_001293213$TUBB$chr6$30687977$+%NM_178014$TUBB$chr6$30687977$+%NM_001293214$TUBB$chr6$30687977$+,0.49
chr1:2574343-2574764,NM_001297605$TNFRSF14$chr1$2487803$+%NM_003820$TNFRSF14$chr1$2487803$+,0.31
chr11:65187297-65188198,NM_001300855$FOSL1$chr11$65667997$-%NM_001300856$FOSL1$chr11$65667997$-%NM_001300857$FOSL1$chr11$65667997$-%NM_005438$FOSL1$chr11$65667997$-%NM_001300844$FOSL1$chr11$65667997$-,0.43
chr11:65244638-65245303,NM_001300855$FOSL1$chr11$65667997$-%NM_001300856$FOSL1$chr11$65667997$-%NM_001300857$FOSL1$chr11$65667997$-%NM_005438$FOSL1$chr11$65667997$-%NM_001300844$FOSL1$chr11$65667997$-,0.34
chr11:65666492-65667203,NM_001300855$FOSL1$chr11$65667997$-%NM_001300856$FOSL1$chr11$65667997$-%NM_001300857$FOSL1$chr11$65667997$-%NM_005438$FOSL1$chr11$65667997$-%NM_001300844$FOSL1$chr11$65667997$-,0.39
chr19:18485152-18485556,NM_001300927$PGPEP1$chr19$18451396$+,0.49
chr7:44855333-44855416,NM_001300981$PPIA$chr7$44836234$+%NM_021130$PPIA$chr7$44836234$+,0.39
chr19:47363167-47364689,NM_001301076$AP2S1$chr19$47353547$-,0.59
chr19:47363167-47364689,NM_001301081$AP2S1$chr19$47354026$-,0.45
chr15:78110975-78112297,NM_001301187$LINGO1$chr15$78112674$-,0.3
chr15:78110975-78112297,NM_001301189$LINGO1$chr15$78112444$-,0.39
chr15:78110975-78112297,NM_001301195$LINGO1$chr15$78079356$-,0.32
chr15:48388885-48389267,NM_001301210$MYEF2$chr15$48470558$-%NM_016132$MYEF2$chr15$48470558$-,0.4
chr3:15695837-15696119,NM_001301790$METTL6$chr3$15469054$-%NM_001301792$METTL6$chr3$15469054$-%NM_152396$METTL6$chr3$15469054$-%NM_001301791$METTL6$chr3$15469054$-,0.38
chr3:15712856-15713111,NM_001301790$METTL6$chr3$15469054$-%NM_001301792$METTL6$chr3$15469054$-%NM_152396$METTL6$chr3$15469054$-%NM_001301791$METTL6$chr3$15469054$-,0.42
chr19:15947617-15948119,NM_001302493$LOC102724279$chr19$15975714$-,0.3
chr11:65666492-65667203,NM_001335$CTSW$chr11$65647283$+,0.46
chr12:56356198-56356265,NM_001345$DGKA$chr12$56324945$+,0.54
chr18:32291109-32291369,NM_001391$DTNA$chr18$32335939$+%NM_001390$DTNA$chr18$32335939$+,0.36
chr8:29230784-29230978,NM_001394$DUSP4$chr8$29208267$-,0.31
chr19:39184148-39184440,NM_001398$ECH1$chr19$39322497$-,0.39
chr17:62161129-62161576,NM_001433$ERN1$chr17$62207502$-,0.62
chr6:123154348-123154672,NM_001446$FABP7$chr6$123100645$+,0.51
chr17:42634020-42634172,NM_001466$FZD2$chr17$42634811$+,0.5
chr22:41809427-41810696,NM_001469$XRCC6$chr22$42017166$+%NM_001288978$XRCC6$chr22$42017166$+%NM_001288977$XRCC6$chr22$42017166$+,0.41
chr17:79448388-79448678,NM_001614$ACTG1$chr17$79479892$-%NM_001199954$ACTG1$chr17$79479892$-,0.36
chr14:50334846-50335244,NM_001663$ARF6$chr14$50359735$+,0.58
chr19:41771602-41771660,NM_001699$AXL$chr19$41725103$+%NM_021913$AXL$chr19$41725103$+,0.62
chr12:92517978-92518398,NM_001731$BTG1$chr12$92539673$-,0.5
chr12:56356198-56356265,NM_001780$CD63$chr12$56122922$-,0.35
chr9:35603992-35604628,NM_001782$CD72$chr9$35618424$-,0.34
chr5:137800317-137800564,NM_001790$CDC25C$chr5$137667566$-%NM_001287582$CDC25C$chr5$137667566$-%NM_022809$CDC25C$chr5$137667566$-,0.33
chr5:137800317-137800564,NM_001964$EGR1$chr5$137801180$+,0.37
chr3:186490704-186490868,NM_001967$EIF4A2$chr3$186501360$+,0.36
chr12:56356198-56356265,NM_001982$ERBB3$chr12$56473808$+,0.38
chr1:1840449-1840835,NM_002074$GNB1$chr1$1822556$-%NM_001282538$GNB1$chr1$1822556$-%NM_001282539$GNB1$chr1$1822556$-,0.52
chr2:10418251-10419155,NM_002149$HPCAL1$chr2$10443029$+,0.54
chr1:23888678-23889201,NM_002167$ID3$chr1$23886285$-,0.56
chr7:20386006-20386499,NM_002214$ITGB8$chr7$20370724$+,0.3
chr6:33392796-33393285,NM_002263$KIFC1$chr6$33359312$+,0.5
chr7:107573965-107574445,NM_002291$LAMB1$chr7$107643804$-,0.64
chr7:2647516-2647699,NM_002304$LFNG$chr7$2557496$+,0.36
chr7:2648242-2648706,NM_002304$LFNG$chr7$2557496$+,0.46
chr7:2657383-2657705,NM_002304$LFNG$chr7$2557496$+,0.52
chr7:1553000-1553189,NM_002360$MAFK$chr7$1570367$+,0.4
chr1:17231253-17231704,NM_002403$MFAP2$chr1$17307173$-%NM_001135248$MFAP2$chr1$17307173$-,0.33
chr22:24255997-24256450,NM_002415$MIF$chr22$24236564$+,0.38
chr11:65187297-65188198,NM_002419$MAP3K11$chr11$65381720$-,0.41
chr11:65244638-65245303,NM_002419$MAP3K11$chr11$65381720$-,0.4
chr12:56356198-56356265,NM_002429$MMP19$chr12$56236767$-%NM_001272101$MMP19$chr12$56236767$-,0.31
chr9:21695810-21696232,NM_002451$MTAP$chr9$21802634$+,0.57
chr19:47363167-47364689,NM_002517$NPAS1$chr19$47524142$+,0.37
chr8:101913945-101914105,NM_002568$PABPC1$chr8$101734315$-,0.31
chr5:140875639-140876085,NM_002588$PCDHGC3$chr5$140855568$+%NM_032402$PCDHGC3$chr5$140855568$+%NM_032403$PCDHGC3$chr5$140855568$+,0.41
chr17:7746991-7747556,NM_002616$PER1$chr17$8055753$-,0.35
chr11:65187297-65188198,NM_002689$POLA2$chr11$65029431$+,0.39
chr22:50743986-50744741,NM_002751$MAPK11$chr22$50708822$-,0.49
chr7:42927750-42928726,NM_002787$PSMA2$chr7$42971805$-,0.45
chr20:48924890-48925591,NM_002827$PTPN1$chr20$49126857$+%NM_001278618$PTPN1$chr20$49126857$+,0.33
chr20:49100027-49100544,NM_002827$PTPN1$chr20$49126857$+%NM_001278618$PTPN1$chr20$49126857$+,0.53
chr15:75747348-75747533,NM_002833$PTPN9$chr15$75871632$-,0.32
chr5:34856339-34856427,NM_002853$RAD1$chr5$34915780$-,0.61
chr12:56356198-56356265,NM_002868$RAB5B$chr12$56367794$+%NM_001252037$RAB5B$chr12$56367794$+,0.48
chr3:186490704-186490868,NM_002916$RFC4$chr3$186524290$-,0.39
chr17:80052713-80052821,NM_002917$RFNG$chr17$80009650$-,0.58
chr1:26827232-26827869,NM_002953$RPS6KA1$chr1$26856248$+,0.59
chr12:122908043-122908483,NM_002956$CLIP1$chr12$122907116$-%NM_001247997$CLIP1$chr12$122907116$-%NM_198240$CLIP1$chr12$122907116$-,0.52
chr22:50743986-50744741,NM_002969$MAPK12$chr22$50700089$-,0.36
chr5:131629178-131629624,NM_003059$SLC22A4$chr5$131630144$+,0.51
chr22:24255997-24256450,NM_003073$SMARCB1$chr22$24129149$+%NM_001007468$SMARCB1$chr22$24129149$+,0.37
chr20:31998840-31999088,NM_003098$SNTA1$chr20$32031698$-,0.3
chr17:46079914-46080281,NM_003110$SP2$chr17$45973515$+,0.31
chr15:40373777-40374114,NM_003134$SRP14$chr15$40331389$-,0.67
chr11:57200214-57200547,NM_003146$SSRP1$chr11$57103351$-,0.55
chr17:40400517-40401003,NM_003150$STAT3$chr17$40540513$-%NM_139276$STAT3$chr17$40540513$-,0.39
chr17:40400517-40401003,NM_003152$STAT5A$chr17$40439564$+,0.3
chr17:46079914-46080281,NM_003204$NFE2L1$chr17$46125685$+,0.66
chr17:46102426-46102830,NM_003204$NFE2L1$chr17$46125685$+,0.52
chr22:41809427-41810696,NM_003216$TEF$chr22$41777932$+,0.56
chr16:4321625-4322178,NM_003223$TFAP4$chr16$4323001$-,0.3
chr4:38859134-38859762,NM_003263$TLR1$chr4$38806412$-,0.44
chr19:35809679-35810380,NM_003367$USF2$chr19$35759895$+%NM_207291$USF2$chr19$35759895$+,0.69
chr8:101913945-101914105,NM_003406$YWHAZ$chr8$101965623$-,0.54
chr16:3156518-3156937,NM_003456$ZNF205$chr16$3162562$+%NM_001042428$ZNF205$chr16$3162562$+,0.41
chr7:143083267-143084129,NM_003461$ZYX$chr7$143078359$+%NM_001010972$ZYX$chr7$143078359$+,0.51
chr6:25992254-25993073,NM_003512$HIST1H2AC$chr6$26124372$+,0.37
chr6:26126352-26126787,NM_003512$HIST1H2AC$chr6$26124372$+,0.45
chr6:25992254-25993073,NM_003513$HIST1H2AB$chr6$26033796$-,0.42
chr6:26126352-26126787,NM_003513$HIST1H2AB$chr6$26033796$-,0.47
chr6:26126352-26126787,NM_003518$HIST1H2BG$chr6$26216872$-,0.52
chr6:25992254-25993073,NM_003522$HIST1H2BF$chr6$26199786$+,0.31
chr6:26126352-26126787,NM_003522$HIST1H2BF$chr6$26199786$+,0.37
chr6:26126352-26126787,NM_003523$HIST1H2BE$chr6$26184023$+,0.65
chr6:25992254-25993073,NM_003526$HIST1H2BC$chr6$26124132$-,0.48
chr6:26126352-26126787,NM_003526$HIST1H2BC$chr6$26124132$-,0.6
chr6:25992254-25993073,NM_003529$HIST1H3A$chr6$26020717$+,0.33
chr6:26126352-26126787,NM_003529$HIST1H3A$chr6$26020717$+,0.3
chr6:25992254-25993073,NM_003530$HIST1H3D$chr6$26199521$-%NM_021065$HIST1H2AD$chr6$26199521$-,0.36
chr6:26126352-26126787,NM_003530$HIST1H3D$chr6$26199521$-%NM_021065$HIST1H2AD$chr6$26199521$-,0.43
chr6:25992254-25993073,NM_003531$HIST1H3C$chr6$26045638$+,0.34
chr6:26126352-26126787,NM_003531$HIST1H3C$chr6$26045638$+,0.41
chr6:26126352-26126787,NM_003534$HIST1H3G$chr6$26271612$-,0.31
chr6:25992254-25993073,NM_003537$HIST1H3B$chr6$26032288$-,0.39
chr6:26126352-26126787,NM_003537$HIST1H3B$chr6$26032288$-,0.51
chr6:25992254-25993073,NM_003538$HIST1H4A$chr6$26021906$+,0.59
chr6:26126352-26126787,NM_003538$HIST1H4A$chr6$26021906$+,0.45
chr6:25992254-25993073,NM_003539$HIST1H4D$chr6$26189304$-,0.32
chr6:26126352-26126787,NM_003539$HIST1H4D$chr6$26189304$-,0.59
chr6:26126352-26126787,NM_003540$HIST1H4F$chr6$26240653$+,0.39
chr6:26126352-26126787,NM_003542$HIST1H4C$chr6$26104175$+,0.7
chr6:25992254-25993073,NM_003543$HIST1H4H$chr6$26285727$-,0.3
chr6:25992254-25993073,NM_003544$HIST1H4B$chr6$26027480$-,0.67
chr6:26126352-26126787,NM_003544$HIST1H4B$chr6$26027480$-,0.57
chr6:26126352-26126787,NM_003545$HIST1H4E$chr6$26204872$+,0.33
chr17:77778056-77778248,NM_003655$CBX4$chr17$77813213$-,0.39
chr9:140117588-140118357,NM_003731$SSNA1$chr9$140083053$+,0.33
chr9:140134697-140134985,NM_003731$SSNA1$chr9$140083053$+,0.53
chr5:140875639-140876085,NM_003735$PCDHGA12$chr5$140810157$+%NM_032094$PCDHGA12$chr5$140810157$+,0.42
chr7:2647516-2647699,NM_003751$EIF3B$chr7$2394473$+%NM_001037283$EIF3B$chr7$2394473$+,0.3
chr7:2648242-2648706,NM_003751$EIF3B$chr7$2394473$+%NM_001037283$EIF3B$chr7$2394473$+,0.33
chr7:2657383-2657705,NM_003751$EIF3B$chr7$2394473$+%NM_001037283$EIF3B$chr7$2394473$+,0.32
chr19:30336581-30336824,NM_003796$URI1$chr19$30433145$+,0.5
chr16:66906996-66907469,NM_003869$CES2$chr16$66968346$+%NM_198061$CES2$chr16$66968346$+,0.37
chr15:90951105-90951410,NM_003870$IQGAP1$chr15$90931472$+,0.56
chr16:66906996-66907469,NM_003905$NAE1$chr16$66864879$-%NM_001286500$NAE1$chr16$66864879$-%NM_001018159$NAE1$chr16$66864879$-%NM_001018160$NAE1$chr16$66864879$-,0.31
chr2:219773515-219774011,NM_003936$CDK5R2$chr2$219824349$+,0.32
chr11:1357863-1358286,NM_003957$BRSK2$chr11$1411128$+%NM_001256627$BRSK2$chr11$1411128$+%NM_001256629$BRSK2$chr11$1411128$+,0.54
chr15:75018665-75019349,NM_003992$CLK3$chr15$74900712$+,0.34
chr9:35603992-35604628,NM_003995$NPR2$chr9$35792405$+,0.37
chr13:20735697-20735843,NM_004004$GJB2$chr13$20767114$-,0.34
chr1:23888678-23889201,NM_004091$E2F2$chr1$23857712$-,0.37
chr17:80052713-80052821,NM_004104$FASN$chr17$80056106$-,0.45
chr17:80052713-80052821,NM_004127$GPS1$chr17$80009762$+%NM_212492$GPS1$chr17$80009762$+,0.53
chr5:137800317-137800564,NM_004134$HSPA9$chr5$137911318$-,0.44
chr3:50264852-50265230,NM_004186$SEMA3F$chr3$50192847$+,0.31
chr5:131629178-131629624,NM_004199$P4HA2$chr5$131562935$-%NM_001017973$P4HA2$chr5$131562935$-,0.34
chr11:65666492-65667203,NM_004214$FIBP$chr11$65656010$-%NM_198897$FIBP$chr11$65656010$-,0.31
chr5:159932805-159932943,NM_004219$PTTG1$chr5$159848813$+,0.33
chr16:3156518-3156937,NM_004220$ZNF213$chr16$3185056$+,0.61
chr5:784651-785023,NM_004237$TRIP13$chr5$892968$+%NM_001166260$TRIP13$chr5$892968$+,0.35
chr8:26232086-26232281,NM_004331$BNIP3L$chr8$26240522$+,0.38
chr19:13262107-13262928,NM_004343$CALR$chr19$13049413$+,0.44
chr1:150231710-150231944,NM_004425$ECM1$chr1$150480486$+%NM_022664$ECM1$chr1$150480486$+%NM_001202858$ECM1$chr1$150480486$+,0.36
chr1:230249347-230250007,NM_004481$GALNT2$chr1$230202941$+,0.47
chr20:62820558-62820833,NM_004535$MYT1$chr20$62795826$+,0.43
chr11:65666492-65667203,NM_004561$OVOL1$chr11$65554504$+,0.44
chr21:44395922-44396228,NM_004571$PKNOX1$chr21$44394619$+%NM_001286258$PKNOX1$chr21$44394619$+,0.52
chr17:40400517-40401003,NM_004583$RAB5C$chr17$40307062$-%NM_201434$RAB5C$chr17$40307062$-%NM_001252039$RAB5C$chr17$40307062$-,0.43
chr3:50264852-50265230,NM_004636$SEMA3B$chr3$50304989$+%NM_001005914$SEMA3B$chr3$50304989$+,0.4
chr14:50334846-50335244,NM_004713$NEMF$chr14$50319791$-%NM_001301732$NEMF$chr14$50319791$-,0.54
chr5:137800317-137800564,NM_004730$ETF1$chr5$137878989$-%NM_001291975$ETF1$chr5$137878989$-%NM_001256302$ETF1$chr5$137878989$-,0.41
chr17:7746991-7747556,NM_004732$KCNAB3$chr17$7832753$-,0.66
chr1:7764543-7764931,NM_004781$VAMP3$chr1$7831328$+,0.32
chr11:58340867-58341571,NM_004811$LPXN$chr11$58343390$-,0.37
chr19:18497624-18497977,NM_004864$GDF15$chr19$18496967$+,0.32
chr19:13262107-13262928,NM_004907$IER2$chr19$13261281$+,0.34
chr19:39184148-39184440,NM_004924$ACTN4$chr19$39138266$+,0.43
chr19:18497624-18497977,NM_005027$PIK3R2$chr19$18263987$+,0.34
chr11:65666492-65667203,NM_005146$SART1$chr11$65729159$+,0.66
chr17:77778056-77778248,NM_005189$CBX2$chr17$77751976$+%NM_032647$CBX2$chr17$77751976$+,0.36
chr7:143083267-143084129,NM_005232$EPHA1$chr7$143105985$-,0.63
chr22:41047729-41047883,NM_005297$MCHR1$chr22$41075181$+,0.64
chr19:35809679-35810380,NM_005304$FFAR3$chr19$35849487$+,0.39
chr6:25992254-25993073,NM_005319$HIST1H1C$chr6$26056699$-,0.54
chr6:26126352-26126787,NM_005319$HIST1H1C$chr6$26056699$-,0.41
chr6:26126352-26126787,NM_005320$HIST1H1D$chr6$26235216$-,0.46
chr6:25992254-25993073,NM_005321$HIST1H1E$chr6$26156558$+,0.54
chr6:26126352-26126787,NM_005321$HIST1H1E$chr6$26156558$+,0.64
chr6:26126352-26126787,NM_005323$HIST1H1T$chr6$26108364$-,0.39
chr6:25992254-25993073,NM_005325$HIST1H1A$chr6$26018040$-,0.36
chr6:26126352-26126787,NM_005325$HIST1H1A$chr6$26018040$-,0.41
chr16:121563-121849,NM_005331$HBQ1$chr16$230332$+,0.3
chr2:242304310-242304654,NM_005336$HDLBP$chr2$242255115$-,0.35
chr19:18485152-18485556,NM_005354$JUND$chr19$18392466$-%NM_001286968$JUND$chr19$18392466$-,0.42
chr8:24799462-24799718,NM_005382$NEFM$chr8$24771273$+,0.43
chr1:214612784-214613126,NM_005401$PTPN14$chr1$214725024$-,0.32
chr17:42173050-42173151,NM_005474$HDAC5$chr17$42201014$-%NM_001015053$HDAC5$chr17$42201014$-,0.31
chr19:4456385-4456784,NM_005483$CHAF1A$chr19$4402659$+,0.39
chr11:65666492-65667203,NM_005507$CFL1$chr11$65625804$-,0.58
chr1:26827232-26827869,NM_005517$HMGN2$chr1$26798901$+,0.43
chr19:13262107-13262928,NM_005583$LYL1$chr19$13213974$-,0.51
chr15:66993287-66993569,NM_005585$SMAD6$chr15$66994673$+,0.6
chr6:35016451-35016706,NM_005643$TAF11$chr6$34855848$-%NM_001270488$TAF11$chr6$34855848$-,0.32
chr6:25992254-25993073,NM_005835$SLC17A2$chr6$25930954$-,0.32
chr4:124398959-124399392,NM_005841$SPRY1$chr4$124320644$+,0.65
chr16:21637887-21638686,NM_005849$IGSF6$chr16$21663987$-,0.37
chr17:7746991-7747556,NM_005852$CHD3$chr17$7792168$+%NM_001005273$CHD3$chr17$7792168$+,0.35
chr1:156426931-156427503,NM_005920$MEF2D$chr1$156470634$-,0.55
chr19:35809679-35810380,NM_005971$FXYD3$chr19$35606731$+%NM_001136012$FXYD3$chr19$35606731$+%NM_001136011$FXYD3$chr19$35606731$+%NM_021910$FXYD3$chr19$35606731$+%NM_001136010$FXYD3$chr19$35606731$+%NM_001136007$FXYD3$chr19$35606731$+%NM_001136008$FXYD3$chr19$35606731$+%NM_001136009$FXYD3$chr19$35606731$+,0.35
chr17:59398606-59399069,NM_005994$TBX2$chr17$59477256$+,0.37
chr4:38859134-38859762,NM_006068$TLR6$chr4$38858438$-,0.37
chr9:140117588-140118357,NM_006088$TUBB4B$chr9$140135710$+,0.41
chr11:57200214-57200547,NM_006093$PRG3$chr11$57148623$-,0.41
chr3:98504725-98505044,NM_006100$ST3GAL6$chr3$98451547$+%NM_001271145$ST3GAL6$chr3$98451547$+,0.35
chr16:66906996-66907469,NM_006141$DYNC1LI2$chr16$66785525$-%NM_001286157$DYNC1LI2$chr16$66785525$-,0.37
chr2:242304310-242304654,NM_006155$SEPT2$chr2$242254601$+%NM_001008491$SEPT2$chr2$242254601$+,0.56
chr2:70363059-70363462,NM_006196$PCBP1$chr2$70314584$+,0.4
chr11:65187297-65188198,NM_006268$DPF2$chr11$65101224$+,0.35
chr11:65244638-65245303,NM_006268$DPF2$chr11$65101224$+,0.4
chr9:35603992-35604628,NM_006285$TESK1$chr9$35605280$+,0.77
chr9:35603992-35604628,NM_006289$TLN1$chr9$35732392$-,0.31
chr15:41953918-41954236,NM_006293$TYRO3$chr15$41851219$+,0.37
chr19:3555158-3555442,NM_006339$HMG20B$chr19$3572942$+,0.45
chr6:25992254-25993073,NM_006355$TRIM38$chr6$25962916$+,0.33
chr1:156426931-156427503,NM_006365$C1orf61$chr1$156399184$-,0.61
chr9:35603992-35604628,NM_006368$CREB3$chr9$35732316$+,0.41
chr15:90944087-90944636,NM_006384$CIB1$chr15$90777279$-%NM_001277764$CIB1$chr15$90777279$-,0.32
chr11:65187297-65188198,NM_006396$SSSCA1$chr11$65337942$+,0.57
chr11:65244638-65245303,NM_006396$SSSCA1$chr11$65337942$+,0.67
chr9:139591698-139592004,NM_006412$AGPAT2$chr9$139581911$-%NM_001012727$AGPAT2$chr9$139581911$-,0.49
chr5:159932805-159932943,NM_006425$SLU7$chr5$159846168$-,0.35
chr11:65666492-65667203,NM_006442$DRAP1$chr11$65686727$+,0.77
chr21:30374865-30375265,NM_006447$USP16$chr21$30396937$+%NM_001032410$USP16$chr21$30396937$+%NM_001001992$USP16$chr21$30396937$+,0.31
chr17:74525744-74526079,NM_006456$ST6GALNAC2$chr17$74582145$-,0.48
chr2:219773515-219774011,NM_006522$WNT6$chr2$219724545$+,0.32
chr22:32615051-32615519,NM_006605$RFPL2$chr22$32589466$-,0.37
chr16:30645556-30645885,NM_006662$SRCAP$chr16$30710461$+,0.45
chr17:42276572-42276897,NM_006695$RUNDC3A$chr17$42385926$+%NM_001144826$RUNDC3A$chr17$42385926$+%NM_001144825$RUNDC3A$chr17$42385926$+,0.33
chr6:123154348-123154672,NM_006714$SMPDL3A$chr6$123110193$+%NM_001286138$SMPDL3A$chr6$123110193$+,0.54
chr6:143206296-143206927,NM_006734$HIVEP2$chr6$143266338$-,0.57
chr11:65244638-65245303,NM_006747$SIPA1$chr11$65405577$+,0.37
chr3:50264852-50265230,NM_006764$IFRD2$chr3$50330026$-,0.56
chr6:33392796-33393285,NM_006772$SYNGAP1$chr6$33387846$+,0.44
chr11:65187297-65188198,NM_006779$CDC42EP2$chr11$65082288$+,0.44
chr11:57200214-57200547,NM_006831$CLP1$chr11$57425215$+%NM_001142597$CLP1$chr11$57425215$+,0.33
chr3:50264852-50265230,NM_006841$SLC38A3$chr3$50242678$+,0.5
chr19:41771602-41771660,NM_007040$HNRNPUL1$chr19$41770226$+,0.63
chr9:134248752-134249121,NM_007171$POMT1$chr9$134378288$+%NM_001136114$POMT1$chr9$134378288$+%NM_001136113$POMT1$chr9$134378288$+%NM_001077365$POMT1$chr9$134378288$+%NM_001077366$POMT1$chr9$134378288$+,0.36
chr1:221916049-221916599,NM_007207$DUSP10$chr1$221915518$-,0.31
chr6:30716597-30717062,NM_007243$NRM$chr6$30659197$-,0.39
chr1:149978692-149979077,NM_007259$VPS45$chr1$150039349$+%NM_001279353$VPS45$chr1$150039349$+,0.32
chr12:76375899-76376264,NM_007350$PHLDA1$chr12$76425556$-,0.48
chr7:2647516-2647699,NM_007353$GNA12$chr7$2883959$-%NM_001293092$GNA12$chr7$2883959$-,0.32
chr7:2648242-2648706,NM_007353$GNA12$chr7$2883959$-%NM_001293092$GNA12$chr7$2883959$-,0.31
chr7:2697261-2697345,NM_007353$GNA12$chr7$2883959$-%NM_001293092$GNA12$chr7$2883959$-,0.5
chr1:149978692-149979077,NM_012113$CA14$chr1$150230217$+,0.36
chr3:50264852-50265230,NM_012191$NAT6$chr3$50336852$-%NM_001200016$NAT6$chr3$50336852$-,0.3
chr17:40400517-40401003,NM_012232$PTRF$chr17$40575338$-,0.37
chr16:30645556-30645885,NM_012248$SEPHS2$chr16$30457296$-,0.3
chr17:40400517-40401003,NM_012285$KCNH4$chr17$40333296$-,0.43
chr7:79050066-79050245,NM_012301$MAGI2$chr7$79082890$-%NM_001301128$MAGI2$chr7$79082890$-,0.3
chr17:40400517-40401003,NM_012448$STAT5B$chr17$40428424$-,0.56
chr19:39184148-39184440,NM_013234$EIF3K$chr19$39109713$+%NM_001300992$EIF3K$chr19$39109713$+,0.37
chr1:109467804-109468470,NM_013296$GPSM2$chr1$109419602$+,0.34
chr9:134248752-134249121,NM_013318$PRRC2B$chr9$134305476$+,0.42
chr17:46079914-46080281,NM_013323$SNX11$chr17$46184946$+,0.45
chr9:140117588-140118357,NM_013366$ANAPC2$chr9$140083057$-,0.42
chr9:140134697-140134985,NM_013366$ANAPC2$chr9$140083057$-,0.62
chr19:40923099-40923282,NM_013368$SERTAD3$chr19$40948505$-,0.54
chr19:40923099-40923282,NM_013376$SERTAD1$chr19$40931932$-,0.4
chr19:15947617-15948119,NM_013940$OR10H1$chr19$15918936$-,0.35
chr6:30716597-30717062,NM_013994$DDR1$chr6$30856464$+%NM_001202522$DDR1$chr6$30856464$+%NM_001202521$DDR1$chr6$30856464$+,0.31
chr8:80705910-80706255,NM_014018$MRPS28$chr8$80942506$-,0.37
chr16:69790577-69791500,NM_014062$NOB1$chr16$69788871$-,0.46
chr8:124549741-124550229,NM_014109$ATAD2$chr8$124408705$-,0.31
chr19:35809679-35810380,NM_014164$FXYD5$chr19$35645624$+,0.33
chr12:56356198-56356265,NM_014182$ORMDL2$chr12$56211805$+,0.3
chr11:65187297-65188198,NM_014205$ZNHIT2$chr11$64885170$-,0.34
chr22:32615051-32615519,NM_014227$SLC5A4$chr22$32651318$-,0.43
chr17:42276572-42276897,NM_014233$UBTF$chr17$42297041$-%NM_001076684$UBTF$chr17$42297041$-,0.55
chr12:109117977-109118365,NM_014301$ISCU$chr12$108955238$+%NM_001301140$ISCU$chr12$108955238$+%NM_213595$ISCU$chr12$108955238$+%NM_001301141$ISCU$chr12$108955238$+,0.33
chr9:32535412-32535514,NM_014314$DDX58$chr9$32526322$-,0.4
chr12:109117977-109118365,NM_014325$CORO1C$chr12$109125326$-,0.3
chr9:35603992-35604628,NM_014450$SIT1$chr9$35650947$-,0.33
chr6:30716597-30717062,NM_014641$MDC1$chr6$30685458$-,0.54
chr1:17231253-17231704,NM_014675$CROCC$chr1$17248444$+,0.5
chr1:31627566-31627958,NM_014676$PUM1$chr1$31538564$-%NM_001020658$PUM1$chr1$31538564$-,0.42
chr7:143083267-143084129,NM_014690$FAM131B$chr7$143059173$-,0.53
chr12:109117977-109118365,NM_014706$SART3$chr12$108955165$-,0.34
chr12:122908043-122908483,NM_014708$KNTC1$chr12$123011808$+,0.34
chr17:78134342-78134588,NM_014740$EIF4A3$chr17$78120982$-,0.44
chr8:142215999-142216277,NM_014957$DENND3$chr8$142138719$+,0.34
chr17:66231111-66231433,NM_014960$ARSG$chr17$66255322$+,0.57
chr17:66452519-66452682,NM_014960$ARSG$chr17$66255322$+,0.56
chr10:699938-700531,NM_014974$DIP2C$chr10$735608$-,0.34
chr17:79448388-79448678,NM_014984$CEP131$chr17$79196751$-%NM_001009811$CEP131$chr17$79196751$-,0.39
chr8:21867707-21867918,NM_015024$XPO7$chr8$21777179$+,0.34
chr9:102585833-102586368,NM_015051$ERP44$chr9$102861330$-,0.31
chr9:73033763-73035382,NM_015110$SMC5$chr9$72873877$+,0.55
chr9:73035561-73035945,NM_015110$SMC5$chr9$72873877$+,0.44
chr1:150231710-150231944,NM_015203$RPRD2$chr1$150336586$+%NM_001297673$RPRD2$chr1$150336586$+%NM_001297674$RPRD2$chr1$150336586$+,0.3
chr22:18538907-18539143,NM_015241$MICAL3$chr22$18507325$-,0.49
chr6:35016451-35016706,NM_015245$ANKS1A$chr6$34857037$+,0.35
chr8:145002494-145002937,NM_015356$SCRIB$chr8$144897549$-%NM_182706$SCRIB$chr8$144897549$-,0.43
chr9:140117588-140118357,NM_015392$NPDC1$chr9$139940676$-,0.31
chr9:140134697-140134985,NM_015392$NPDC1$chr9$139940676$-,0.4
chr9:140117588-140118357,NM_015456$NELFB$chr9$140149758$+,0.49
chr9:140134697-140134985,NM_015456$NELFB$chr9$140149758$+,0.55
chr15:75747348-75747533,NM_015477$SIN3A$chr15$75743926$-,0.43
chr15:41953918-41954236,NM_015540$RPAP1$chr15$41836475$-,0.42
chr20:1338546-1338920,NM_015685$SDCBP2$chr20$1294317$-,0.49
chr22:41809427-41810696,NM_015704$DESI1$chr22$42017061$-,0.38
chr14:81685513-81686063,NM_015859$GTF2A1$chr14$81687296$-%NM_001278940$GTF2A1$chr14$81687296$-,0.3
chr2:238512238-238512938,NM_015893$PRLH$chr2$238475216$+,0.62
chr19:35809679-35810380,NM_015925$LSR$chr19$35739558$+%NM_205835$LSR$chr19$35739558$+%NM_205834$LSR$chr19$35739558$+%NM_001260490$LSR$chr19$35739558$+%NM_001260489$LSR$chr19$35739558$+,0.37
chr16:21637887-21638686,NM_016025$METTL9$chr16$21610796$+%NM_001077180$METTL9$chr16$21610796$+,0.4
chr14:60679186-60679974,NM_016029$DHRS7$chr14$60632211$-,0.61
chr16:66906996-66907469,NM_016062$FAM96B$chr16$66968326$-,0.44
chr16:4321625-4322178,NM_016069$PAM16$chr16$4401373$-,0.54
chr9:140134697-140134985,NM_016219$MAN1B1$chr9$139981378$+,0.4
chr22:41839332-41839605,NM_016272$TOB2$chr22$41843027$-,0.36
chr17:80052713-80052821,NM_016286$DCXR$chr17$79995573$-%NM_001195218$DCXR$chr17$79995573$-,0.46
chr16:121563-121849,NM_016310$POLR3K$chr16$103632$-,0.36
chr17:46079914-46080281,NM_016429$COPZ2$chr17$46115168$-,0.51
chr17:46102426-46102830,NM_016429$COPZ2$chr17$46115168$-,0.5
chr5:138620359-138620541,NM_016480$PAIP2$chr5$138677520$+,0.78
chr5:137800317-137800564,NM_016606$REEP2$chr5$137774689$+%NM_001271803$REEP2$chr5$137774689$+,0.68
chr16:3156518-3156937,NM_016639$TNFRSF12A$chr16$3070312$+,0.4
chr11:65666492-65667203,NM_016938$EFEMP2$chr11$65640405$-,0.57
chr12:20732540-20732626,NM_017435$SLCO1C1$chr12$20848398$+%NM_001145944$SLCO1C1$chr12$20848398$+,0.32
chr18:666183-666708,NM_017512$ENOSF1$chr18$712662$-%NM_001126123$ENOSF1$chr18$712662$-,0.61
chr18:667633-668016,NM_017512$ENOSF1$chr18$712662$-%NM_001126123$ENOSF1$chr18$712662$-,0.55
chr22:41809427-41810696,NM_017590$ZC3H7B$chr22$41697506$+,0.42
chr9:16869534-16869976,NM_017637$BNC2$chr9$16870786$-,0.47
chr16:15766632-15767024,NM_017668$NDE1$chr16$15744082$+,0.62
chr19:18485152-18485556,NM_017712$PGPEP1$chr19$18451407$+,0.55
chr9:140117588-140118357,NM_017723$TOR4A$chr9$140172279$+,0.57
chr9:140134697-140134985,NM_017723$TOR4A$chr9$140172279$+,0.57
chr8:61657043-61657068,NM_017780$CHD7$chr8$61591323$+,0.32
chr3:125709142-125709481,NM_017836$SLC41A3$chr3$125803134$-%NM_001008486$SLC41A3$chr3$125803134$-%NM_001008485$SLC41A3$chr3$125803134$-,0.42
chr1:1295535-1296332,NM_017871$CPSF3L$chr1$1260067$-%NM_001256462$CPSF3L$chr1$1260067$-%NM_001256463$CPSF3L$chr1$1260067$-%NM_001256460$CPSF3L$chr1$1260067$-%NM_001256456$CPSF3L$chr1$1260067$-,0.37
chr2:70363059-70363462,NM_017880$C2orf42$chr2$70418151$-,0.65
chr1:1295535-1296332,NM_017971$MRPL20$chr1$1342693$-,0.63
chr3:100244695-100244934,NM_018004$TMEM45A$chr3$100211462$+,0.52
chr8:124524433-124524792,NM_018024$WDYHV1$chr8$124428964$+%NM_001283024$WDYHV1$chr8$124428964$+%NM_001283027$WDYHV1$chr8$124428964$+,0.31
chr11:65666492-65667203,NM_018026$PACS1$chr11$65837823$+,0.35
chr16:121563-121849,NM_018032$LUC7L$chr16$279449$-%NM_201412$LUC7L$chr16$279449$-,0.33
chr19:42037922-42038313,NM_018035$ATP5SL$chr19$41945843$-%NM_001167869$ATP5SL$chr19$41945843$-%NM_001167870$ATP5SL$chr19$41945843$-%NM_001167871$ATP5SL$chr19$41945843$-,0.42
chr17:46079914-46080281,NM_018129$PNPO$chr17$46018888$+,0.4
chr14:50334846-50335244,NM_018139$DNAAF2$chr14$50101948$-%NM_001083908$DNAAF2$chr14$50101948$-,0.36
chr1:2574343-2574764,NM_018216$PANK4$chr1$2458035$-,0.34
chr15:75747348-75747533,NM_018285$IMP3$chr15$75932664$-,0.34
chr5:34856339-34856427,NM_018321$BRIX1$chr5$34915819$+,0.3
chr1:168050664-168051125,NM_018442$DCAF6$chr1$167905796$+%NM_001198956$DCAF6$chr1$167905796$+%NM_001198957$DCAF6$chr1$167905796$+%NM_001017977$DCAF6$chr1$167905796$+,0.5
chr12:69036661-69037118,NM_018656$SLC35E3$chr12$69139935$+,0.53
chr1:68257818-68258216,NM_018841$GNG12$chr1$68299155$-,0.54
chr1:68285768-68286070,NM_018841$GNG12$chr1$68299155$-,0.47
chr5:140875639-140876085,NM_018912$PCDHGA1$chr5$140710251$+%NM_031993$PCDHGA1$chr5$140710251$+,0.32
chr5:140875639-140876085,NM_018928$PCDHGC4$chr5$140864740$+%NM_032406$PCDHGC4$chr5$140864740$+,0.74
chr5:140875639-140876085,NM_018929$PCDHGC5$chr5$140868807$+%NM_032407$PCDHGC5$chr5$140868807$+,0.64
chr11:1357863-1358286,NM_019009$TOLLIP$chr11$1330892$-,0.51
chr17:77967532-77967765,NM_019020$TBC1D16$chr17$78009657$-,0.51
chr1:150231710-150231944,NM_020205$OTUD7B$chr1$149982686$-,0.34
chr15:72617371-72617435,NM_020214$PARP6$chr15$72563628$-,0.66
chr17:42276572-42276897,NM_020218$ATXN7L3$chr17$42275529$-%NM_001098833$ATXN7L3$chr17$42275529$-,0.54
chr12:69036661-69037118,NM_020401$NUP107$chr12$69080730$+,0.58
chr22:50743986-50744741,NM_020461$TUBGCP6$chr22$50683400$-,0.52
chr17:77778056-77778248,NM_020649$CBX8$chr17$77770915$-,0.35
chr11:65187297-65188198,NM_020680$SCYL1$chr11$65292547$+%NM_001048218$SCYL1$chr11$65292547$+,0.66
chr11:65244638-65245303,NM_020680$SCYL1$chr11$65292547$+%NM_001048218$SCYL1$chr11$65292547$+,0.63
chr22:41047729-41047883,NM_020831$MKL1$chr22$41032723$-%NM_001282662$MKL1$chr22$41032723$-%NM_001282661$MKL1$chr22$41032723$-,0.5
chr9:35603992-35604628,NM_020944$GBA2$chr9$35749225$-,0.32
chr19:40923099-40923282,NM_020956$PRX$chr19$40919271$-%NM_181882$PRX$chr19$40919271$-,0.41
chr19:40923099-40923282,NM_020971$SPTBN4$chr19$40973125$+,0.33
chr7:101929978-101930313,NM_020979$SH2B2$chr7$101928352$+,0.48
chr12:56356198-56356265,NM_021019$MYL6$chr12$56552044$+%NM_079423$MYL6$chr12$56552044$+,0.42
chr6:26126352-26126787,NM_021052$HIST1H2AE$chr6$26217147$+,0.59
chr6:25992254-25993073,NM_021062$HIST1H2BB$chr6$26043885$-,0.43
chr6:26126352-26126787,NM_021062$HIST1H2BB$chr6$26043885$-,0.44
chr21:44395922-44396228,NM_021075$NDUFV3$chr21$44313377$+%NM_001001503$NDUFV3$chr21$44313377$+,0.43
chr7:45442455-45442729,NM_021116$ADCY1$chr7$45614124$+,0.45
chr19:35809679-35810380,NM_021175$HAMP$chr19$35773409$+,0.41
chr16:3156518-3156937,NM_021195$CLDN6$chr16$3068188$-,0.42
chr17:7746991-7747556,NM_021210$TRAPPC1$chr17$7835267$-,0.55
chr22:24255997-24256450,NM_021916$ZNF70$chr22$24093279$-,0.53
chr20:48924890-48925591,NM_021988$UBE2V1$chr20$48732496$-%NM_001257394$UBE2V1$chr20$48732496$-%NM_199144$UBE2V1$chr20$48732496$-%NM_001257393$UBE2V1$chr20$48732496$-%NM_022442$UBE2V1$chr20$48732496$-%NM_001282575$UBE2V1$chr20$48732496$-,0.51
chr17:74525744-74526079,NM_022066$UBE2O$chr17$74449288$-,0.33
chr1:17231253-17231704,NM_022089$ATP13A2$chr1$17338467$-%NM_001141973$ATP13A2$chr1$17338467$-%NM_001141974$ATP13A2$chr1$17338467$-,0.38
chr17:80052713-80052821,NM_022156$DUS1L$chr17$80023697$-,0.63
chr9:22408637-22408662,NM_022160$DMRTA1$chr9$22446839$+,0.51
chr9:22468825-22468905,NM_022160$DMRTA1$chr9$22446839$+,0.43
chr9:22482961-22483350,NM_022160$DMRTA1$chr9$22446839$+,0.34
chr16:121563-121849,NM_022450$RHBDF1$chr16$122629$-,0.37
chr12:56356198-56356265,NM_022465$IKZF4$chr12$56414688$+,0.42
chr16:3156518-3156937,NM_022468$MMP25$chr16$3096681$+,0.43
chr8:21867707-21867918,NM_022749$FAM160B2$chr8$21946713$+,0.47
chr15:90944087-90944636,NM_022769$CRTC3$chr15$91073117$+%NM_001042574$CRTC3$chr15$91073117$+,0.3
chr15:90951105-90951410,NM_022769$CRTC3$chr15$91073117$+%NM_001042574$CRTC3$chr15$91073117$+,0.3
chr1:1295535-1296332,NM_022834$VWA1$chr1$1370902$+%NM_199121$VWA1$chr1$1370902$+,0.38
chr12:122908043-122908483,NM_022916$VPS33A$chr12$122751068$-,0.5
chr12:122908043-122908483,NM_023012$RSRC2$chr12$123011560$-,0.46
chr16:30579441-30579843,NM_023931$ZNF747$chr16$30546194$-,0.36
chr16:30645556-30645885,NM_024031$PRR14$chr16$30662240$+,0.45
chr17:42173050-42173151,NM_024032$C17orf53$chr17$42219273$+%NM_001171251$C17orf53$chr17$42219273$+,0.3
chr17:42276572-42276897,NM_024032$C17orf53$chr17$42219273$+%NM_001171251$C17orf53$chr17$42219273$+,0.65
chr7:42927750-42928726,NM_024054$C7orf25$chr7$42951689$-%NM_001099858$C7orf25$chr7$42951689$-,0.41
chr9:91795136-91795669,NM_024077$SECISBP2$chr9$91933387$+%NM_001282688$SECISBP2$chr9$91933387$+%NM_001282689$SECISBP2$chr9$91933387$+,0.5
chr16:30645556-30645885,NM_024096$DCTPP1$chr16$30441373$-,0.42
chr22:50330725-50331030,NM_024105$ALG12$chr22$50312106$-,0.56
chr17:42276572-42276897,NM_024107$TMUB2$chr17$42264353$+%NM_001076674$TMUB2$chr17$42264353$+,0.31
chr17:40400517-40401003,NM_024119$DHX58$chr17$40264751$-,0.3
chr6:33392796-33393285,NM_024165$PHF1$chr6$33378772$+%NM_002636$PHF1$chr6$33378772$+,0.48
chr17:46079914-46080281,NM_024320$PRR15L$chr17$46035243$-,0.37
chr19:35809679-35810380,NM_024321$RBM42$chr19$36119979$+,0.44
chr19:4456385-4456784,NM_024333$FSD1$chr19$4304590$+,0.31
chr16:3156518-3156937,NM_024339$THOC6$chr16$3074031$+%NM_001142350$THOC6$chr16$3074031$+,0.53
chr16:121563-121849,NM_024571$SNRNP25$chr16$103828$+,0.57
chr17:74525744-74526079,NM_024599$RHBDF2$chr17$74497509$-,0.32
chr7:101929978-101930313,NM_024653$PRKRIP1$chr7$102036803$+,0.31
chr16:30579441-30579843,NM_024671$ZNF768$chr16$30537910$-,0.51
chr16:30645556-30645885,NM_024671$ZNF768$chr16$30537910$-,0.45
chr16:46683529-46683842,NM_024745$SHCBP1$chr16$46655311$-,0.32
chr5:784651-785023,NM_024786$ZDHHC11$chr5$851101$-,0.37
chr7:107573965-107574445,NM_024814$CBLL1$chr7$107384141$+%NM_001284291$CBLL1$chr7$107384141$+,0.48
chr1:26827232-26827869,NM_024887$DHDDS$chr1$26758772$+%NM_001243564$DHDDS$chr1$26758772$+%NM_001243565$DHDDS$chr1$26758772$+%NM_205861$DHDDS$chr1$26758772$+,0.42
chr15:75018665-75019349,NM_025083$EDC3$chr15$74988386$-%NM_001142443$EDC3$chr15$74988386$-%NM_001142444$EDC3$chr15$74988386$-,0.42
chr11:65666492-65667203,NM_025128$MUS81$chr11$65627871$+,0.54
chr2:219773515-219774011,NM_025216$WNT10A$chr2$219745254$+,0.4
chr19:4456385-4456784,NM_025241$UBXN6$chr19$4457791$-,0.45
chr2:228670402-228670815,NM_025243$SLC19A3$chr2$228582745$-,0.34
chr7:2647516-2647699,NM_025250$TTYH3$chr7$2671602$+,0.5
chr7:2648242-2648706,NM_025250$TTYH3$chr7$2671602$+,0.38
chr7:2657383-2657705,NM_025250$TTYH3$chr7$2671602$+,0.43
chr7:2697261-2697345,NM_025250$TTYH3$chr7$2671602$+,0.43
chr19:42037922-42038313,NM_030578$B9D2$chr19$41870078$-,0.41
chr5:178259703-178260206,NM_030613$ZFP2$chr5$178322915$+,0.63
chr1:1295535-1296332,NM_030649$ACAP3$chr1$1243269$-,0.33
chr1:33077721-33078012,NM_030786$SYNC$chr1$33168361$-%NM_001161708$SYNC$chr1$33168361$-,0.52
chr22:24255997-24256450,NM_030807$SLC2A11$chr22$24198889$+%NM_001024938$SLC2A11$chr22$24198889$+,0.64
chr9:140117588-140118357,NM_031297$RNF208$chr9$140115775$-,0.34
chr9:140134697-140134985,NM_031297$RNF208$chr9$140115775$-,0.36
chr19:3555158-3555442,NM_031304$DOHH$chr19$3500621$-,0.35
chr1:150231710-150231944,NM_031901$MRPS21$chr1$150266261$+%NM_018997$MRPS21$chr1$150266261$+,0.56
chr7:42927750-42928726,NM_031903$MRPL32$chr7$42971938$+,0.73
chr11:65187297-65188198,NM_031904$FRMD8$chr11$65154040$+%NM_001300832$FRMD8$chr11$65154040$+%NM_001300833$FRMD8$chr11$65154040$+,0.78
chr11:65244638-65245303,NM_031904$FRMD8$chr11$65154040$+%NM_001300832$FRMD8$chr11$65154040$+%NM_001300833$FRMD8$chr11$65154040$+,0.7
chr1:36866636-36866899,NM_032017$STK40$chr1$36851528$-%NM_001282547$STK40$chr1$36851528$-%NM_001282546$STK40$chr1$36851528$-,0.49
chr22:50743986-50744741,NM_032019$HDAC10$chr22$50689834$-%NM_001159286$HDAC10$chr22$50689834$-,0.54
chr16:121563-121849,NM_032039$ITFG3$chr16$284544$+%NM_001284497$ITFG3$chr16$284544$+,0.31
chr11:65187297-65188198,NM_032223$PCNXL3$chr11$65383782$+,0.44
chr11:65244638-65245303,NM_032223$PCNXL3$chr11$65383782$+,0.35
chr3:126701397-126702091,NM_032242$PLXNA1$chr3$126707436$+,0.41
chr3:126701397-126702091,NM_032343$CHCHD6$chr3$126423062$+,0.32
chr12:56356198-56356265,NM_032345$WIBG$chr12$56321697$-,0.6
chr1:1295535-1296332,NM_032348$MXRA8$chr1$1294174$-%NM_001282584$MXRA8$chr1$1294174$-,0.35
chr17:7746991-7747556,NM_032356$NAA38$chr17$7761172$-,0.42
chr12:56356198-56356265,NM_032364$DNAJC14$chr12$56223420$-,0.43
chr17:42173050-42173151,NM_032376$TMEM101$chr17$42092345$-,0.4
chr17:40400517-40401003,NM_032484$GHDC$chr17$40346550$-%NM_001142623$GHDC$chr17$40346550$-,0.66
chr16:4321625-4322178,NM_032575$GLIS2$chr16$4382224$+,0.34
chr19:18485152-18485556,NM_032627$SSBP4$chr19$18530145$+%NM_001009998$SSBP4$chr19$18530145$+,0.37
chr19:18497624-18497977,NM_032627$SSBP4$chr19$18530145$+%NM_001009998$SSBP4$chr19$18530145$+,0.34
chr19:4456385-4456784,NM_032631$HDGFRP2$chr19$4472192$+%NM_001001520$HDGFRP2$chr19$4472192$+,0.4
chr22:41809427-41810696,NM_032758$PHF5A$chr22$41864708$-,0.52
chr22:41839332-41839605,NM_032758$PHF5A$chr22$41864708$-,0.49
chr8:145002494-145002937,NM_032789$PARP10$chr8$145060635$-,0.37
chr16:3156518-3156937,NM_032805$ZSCAN10$chr16$3142861$-,0.35
chr2:70363059-70363462,NM_032822$FAM136A$chr2$70529220$-,0.41
chr1:36866636-36866899,NM_032881$LSM10$chr1$36863493$-,0.53
chr7:143083267-143084129,NM_032982$CASP2$chr7$142985307$+%NM_032983$CASP2$chr7$142985307$+,0.43
chr12:56356198-56356265,NM_033082$SARNP$chr12$56211540$-,0.33
chr17:40400517-40401003,NM_033133$CNP$chr17$40118758$+,0.41
chr7:44855333-44855416,NM_033224$PURB$chr7$44924984$-,0.4
chr9:134248752-134249121,NM_033387$FAM78A$chr9$134151906$-,0.3
chr2:159855059-159855514,NM_033394$TANC1$chr2$159825145$+%NM_001145909$TANC1$chr2$159825145$+,0.4
chr11:57200214-57200547,NM_033396$TNKS1BP1$chr11$57092413$-,0.39
chr1:2574343-2574764,NM_033467$MMEL1$chr1$2564481$-,0.39
chr15:40373777-40374114,NM_033503$BMF$chr15$40398639$-,0.58
chr17:78134342-78134588,NM_052819$CARD14$chr17$78161598$+,0.42
chr15:72617371-72617435,NM_052840$CELF6$chr15$72612525$-,0.37
chr19:41771602-41771660,NM_052848$CCDC97$chr19$41816093$+,0.47
chr19:13262107-13262928,NM_052876$NACC1$chr19$13229101$+,0.33
chr8:144360422-144361034,NM_052963$TOP1MT$chr8$144417061$-,0.49
chr11:1357863-1358286,NM_053005$MOB2$chr11$1502116$-,0.43
chr11:58340867-58341571,NM_053023$ZFP91$chr11$58346586$+%NM_001197051$ZFP91$chr11$58346586$+,0.3
chr9:140117588-140118357,NM_053045$TMEM203$chr9$140100090$-,0.5
chr9:140134697-140134985,NM_053045$TMEM203$chr9$140100090$-,0.57
chr8:29230784-29230978,NM_057158$DUSP4$chr8$29206322$-,0.43
chr8:124524433-124524792,NM_058229$FBXO32$chr8$124553493$-%NM_001242463$FBXO32$chr8$124553493$-,0.34
chr5:178259703-178260206,NM_058230$ZNF354B$chr5$178286953$+,0.64
chr3:15813744-15814005,NM_080538$COLQ$chr3$15540379$-,0.33
chr9:140117588-140118357,NM_080877$SLC34A3$chr9$140125384$+,0.55
chr9:140134697-140134985,NM_080877$SLC34A3$chr9$140125384$+,0.46
chr15:25597069-25597306,NM_130838$UBE3A$chr15$25650653$-,0.44
chr19:3555158-3555442,NM_133261$GIPC3$chr19$3585568$+,0.44
chr7:2667919-2668210,NM_133463$AMZ1$chr7$2719155$+,0.31
chr2:10418251-10419155,NM_134421$HPCAL1$chr2$10443825$+,0.74
chr17:42173050-42173151,NM_138387$G6PC3$chr17$42148097$+,0.39
chr16:4321625-4322178,NM_138440$VASN$chr16$4421848$+,0.69
chr16:30579441-30579843,NM_138447$ZNF689$chr16$30621707$-,0.33
chr16:30645556-30645885,NM_138447$ZNF689$chr16$30621707$-,0.4
chr8:144360422-144361034,NM_138465$GLI4$chr8$144349606$+,0.31
chr6:25992254-25993073,NM_138720$HIST1H2BD$chr6$26158348$+%NM_021063$HIST1H2BD$chr6$26158348$+,0.54
chr6:26126352-26126787,NM_138720$HIST1H2BD$chr6$26158348$+%NM_021063$HIST1H2BD$chr6$26158348$+,0.7
chr6:25992254-25993073,NM_139009$HFE$chr6$26087508$+%NM_139010$HFE$chr6$26087508$+%NM_000410$HFE$chr6$26087508$+%NM_139007$HFE$chr6$26087508$+%NM_139006$HFE$chr6$26087508$+%NM_139004$HFE$chr6$26087508$+%NM_139003$HFE$chr6$26087508$+%NM_139008$HFE$chr6$26087508$+%NM_139011$HFE$chr6$26087508$+%NM_001300749$HFE$chr6$26087508$+,0.35
chr6:26126352-26126787,NM_139009$HFE$chr6$26087508$+%NM_139010$HFE$chr6$26087508$+%NM_000410$HFE$chr6$26087508$+%NM_139007$HFE$chr6$26087508$+%NM_139006$HFE$chr6$26087508$+%NM_139004$HFE$chr6$26087508$+%NM_139003$HFE$chr6$26087508$+%NM_139008$HFE$chr6$26087508$+%NM_139011$HFE$chr6$26087508$+%NM_001300749$HFE$chr6$26087508$+,0.3
chr1:26827232-26827869,NM_139135$ARID1A$chr1$27022521$+%NM_006015$ARID1A$chr1$27022521$+,0.34
chr17:7746991-7747556,NM_144607$CYB5D1$chr17$7761063$+,0.4
chr17:79448388-79448678,NM_144679$ENTHD2$chr17$79212891$-,0.43
chr19:41771602-41771660,NM_144732$HNRNPUL1$chr19$41768380$+,0.47
chr1:156426931-156427503,NM_144772$APOA1BP$chr1$156561557$+,0.47
chr19:35809679-35810380,NM_144779$FXYD5$chr19$35645671$+,0.39
chr8:124549741-124550229,NM_144963$FAM91A1$chr8$124780881$+,0.37
chr17:80052713-80052821,NM_144998$STRA13$chr17$79980785$-%NM_001271007$STRA13$chr17$79980785$-%NM_001271006$STRA13$chr17$79980785$-,0.36
chr1:36866636-36866899,NM_145047$OSCP1$chr1$36916086$-%NM_206837$OSCP1$chr1$36916086$-,0.61
chr17:46079914-46080281,NM_145255$MRPL10$chr17$45908907$-%NM_148887$MRPL10$chr17$45908907$-,0.38
chr19:18485152-18485556,NM_145256$LRRC25$chr19$18508415$-,0.56
chr19:18497624-18497977,NM_145256$LRRC25$chr19$18508415$-,0.37
chr16:30579441-30579843,NM_145271$ZNF688$chr16$30583728$-%NM_001024683$ZNF688$chr16$30583728$-,0.52
chr8:101913945-101914105,NM_145690$YWHAZ$chr8$101964357$-,0.53
chr11:65187297-65188198,NM_145719$TIGD3$chr11$65122281$+,0.4
chr17:46079914-46080281,NM_145798$OSBPL7$chr17$45899147$-,0.37
chr8:124524433-124524792,NM_148177$FBXO32$chr8$124544383$-,0.39
chr1:52173889-52173954,NM_148907$OSBPL9$chr1$52195485$+%NM_148904$OSBPL9$chr1$52195485$+%NM_148905$OSBPL9$chr1$52195485$+,0.36
chr1:1295535-1296332,NM_152228$TAS1R3$chr1$1266725$+,0.35
chr17:46079914-46080281,NM_152244$SNX11$chr17$46184919$+,0.45
chr17:42173050-42173151,NM_152344$LSM12$chr17$42144987$-,0.3
chr8:43092918-43093442,NM_152419$HGSNAT$chr8$42995591$+,0.36
chr16:30579441-30579843,NM_152458$ZNF785$chr16$30597092$-,0.66
chr16:30645556-30645885,NM_152458$ZNF785$chr16$30597092$-,0.79
chr6:33392796-33393285,NM_152735$ZBTB9$chr6$33422355$+,0.43
chr7:2647516-2647699,NM_152743$BRAT1$chr7$2595392$-,0.38
chr7:2648242-2648706,NM_152743$BRAT1$chr7$2595392$-,0.31
chr7:2674160-2674375,NM_152743$BRAT1$chr7$2595392$-,0.35
chr7:2697261-2697345,NM_152743$BRAT1$chr7$2595392$-,0.41
chr11:65187297-65188198,NM_152832$FAM89B$chr11$65339819$+%NM_001098785$FAM89B$chr11$65339819$+%NM_001098784$FAM89B$chr11$65339819$+,0.45
chr11:65244638-65245303,NM_152832$FAM89B$chr11$65339819$+%NM_001098785$FAM89B$chr11$65339819$+%NM_001098784$FAM89B$chr11$65339819$+,0.77
chr1:168050664-168051125,NM_152902$TIPRL$chr1$168148082$+%NM_001031800$TIPRL$chr1$168148082$+,0.41
chr3:50264852-50265230,NM_153215$LSMEM2$chr3$50316517$+,0.39
chr6:111666861-111666999,NM_153369$KIAA1919$chr6$111580481$+,0.49
chr9:32535412-32535514,NM_153809$TAF1L$chr9$32635667$-,0.38
chr14:50334846-50335244,NM_172193$KLHDC1$chr14$50159822$+,0.33
chr18:77153646-77154504,NM_172389$NFATC1$chr18$77160273$+%NM_001278675$NFATC1$chr18$77160273$+%NM_001278673$NFATC1$chr18$77160273$+%NM_001278672$NFATC1$chr18$77160273$+%NM_172387$NFATC1$chr18$77160273$+,0.31
chr3:186490704-186490868,NM_173217$ST6GAL1$chr3$186648314$+%NM_173216$ST6GAL1$chr3$186648314$+,0.4
chr8:145002494-145002937,NM_173831$ZNF707$chr8$144766621$+%NM_001100598$ZNF707$chr8$144766621$+%NM_001288809$ZNF707$chr8$144766621$+%NM_001288808$ZNF707$chr8$144766621$+%NM_001288807$ZNF707$chr8$144766621$+%NM_001100599$ZNF707$chr8$144766621$+%NM_001288806$ZNF707$chr8$144766621$+%NM_001288805$ZNF707$chr8$144766621$+,0.43
chr8:144360422-144361034,NM_173832$ZFP41$chr8$144329097$+,0.34
chr7:143083267-143084129,NM_177437$TAS2R60$chr7$143140545$+,0.31
chr17:42276572-42276897,NM_177441$TMUB2$chr17$42264573$+,0.4
chr14:60679186-60679974,NM_177951$PPM1A$chr14$60715965$+%NM_021003$PPM1A$chr14$60715965$+,0.43
chr8:144360422-144361034,NM_178172$GPIHBP1$chr8$144295067$+%NM_001301772$GPIHBP1$chr8$144295067$+,0.49
chr2:54787503-54787764,NM_178313$SPTBN1$chr2$54785530$+,0.64
chr9:140134697-140134985,NM_178448$SAPCD2$chr9$139965028$-,0.41
chr17:79319812-79320225,NM_178520$TMEM105$chr17$79304474$-,0.39
chr1:1840449-1840835,NM_178545$TMEM52$chr1$1850740$-,0.56
chr1:33077721-33078012,NM_178547$ZBTB8OS$chr1$33116185$-,0.35
chr8:145002494-145002937,NM_178564$NRBP2$chr8$144923146$-,0.39
chr11:57200214-57200547,NM_178570$RTN4RL2$chr11$57228009$+,0.49
chr2:228670402-228670815,NM_178821$DAW1$chr2$228736326$+,0.43
chr3:186490704-186490868,NM_181573$RFC4$chr3$186524484$-,0.37
chr5:178259703-178260206,NM_182594$ZNF454$chr5$178368193$+%NM_001178090$ZNF454$chr5$178368193$+%NM_001178089$ZNF454$chr5$178368193$+,0.32
chr8:21867707-21867918,NM_182795$NPM2$chr8$21882353$+%NM_001286681$NPM2$chr8$21882353$+,0.41
chr1:1840449-1840835,NM_182838$SLC35E2$chr1$1677438$-%NM_001199787$SLC35E2$chr1$1677438$-,0.4
chr7:1553000-1553189,NM_182924$MICALL2$chr7$1499109$-,0.51
chr9:102585833-102586368,NM_183245$INVS$chr9$102861501$+%NM_014425$INVS$chr9$102861501$+,0.38
chr17:42276572-42276897,NM_198475$FAM171A2$chr17$42441235$-,0.31
chr17:42634020-42634172,NM_198475$FAM171A2$chr17$42441235$-,0.33
chr19:42037922-42038313,NM_198540$B3GNT8$chr19$41934635$-,0.39
chr8:145002494-145002937,NM_198572$SPATC1$chr8$145086581$+%NM_001134374$SPATC1$chr8$145086581$+,0.32
chr9:140117588-140118357,NM_199001$CYSRT1$chr9$140119086$+,0.46
chr9:140134697-140134985,NM_199001$CYSRT1$chr9$140119086$+,0.66
chr20:48924890-48925591,NM_199203$TMEM189-UBE2V1$chr20$48770335$-%NM_001162505$TMEM189$chr20$48770335$-%NM_199129$TMEM189$chr20$48770335$-,0.34
chr4:124398959-124399392,NM_199327$SPRY1$chr4$124317949$+%NM_001258038$SPRY1$chr4$124317949$+,0.59
chr1:168050664-168051125,NM_199344$SFT2D2$chr1$168195254$+,0.31
chr8:145002494-145002937,NM_201378$PLEC$chr8$145047697$-,0.4
chr8:145002494-145002937,NM_201379$PLEC$chr8$145028088$-,0.45
chr8:145002494-145002937,NM_201380$PLEC$chr8$145025044$-,0.6
chr8:145002494-145002937,NM_201382$PLEC$chr8$145018126$-,0.32
chr12:56356198-56356265,NM_201445$DGKA$chr12$56325811$+%NM_201444$DGKA$chr12$56325811$+%NM_201554$DGKA$chr12$56325811$+,0.57
chr9:139591698-139592004,NM_201446$EGFL7$chr9$139560223$+,0.33
chr7:44855333-44855416,NM_201516$H2AFV$chr7$44887725$-%NM_201517$H2AFV$chr7$44887725$-%NM_012412$H2AFV$chr7$44887725$-%NM_138635$H2AFV$chr7$44887725$-%NM_201436$H2AFV$chr7$44887725$-,0.32
chr18:666183-666708,NM_202758$ENOSF1$chr18$712517$-,0.55
chr18:667633-668016,NM_202758$ENOSF1$chr18$712517$-,0.52
chr19:40923099-40923282,NM_203344$SERTAD3$chr19$40950282$-,0.34
chr2:223823432-223823602,NM_203372$ACSL3$chr2$223725731$+%NM_004457$ACSL3$chr2$223725731$+,0.36
chr17:7746991-7747556,NM_203411$TMEM88$chr17$7758383$+,0.35
chr17:59398606-59399069,NM_203425$C17orf82$chr17$59489111$+,0.32
chr15:48436189-48436527,NM_205850$SLC24A5$chr15$48413168$+,0.41
chr9:140134697-140134985,NM_207309$UAP1L1$chr9$139971952$+,0.54
chr3:190251387-190251779,NM_207316$TMEM207$chr3$190167665$-,0.32
chr15:93363497-93364154,NM_207446$FAM174B$chr15$93199031$-,0.41
